Address,City and ZIP,SF,City,ZIP,yearly_price_per_SF,year_built,full_address,latitude,longitude,weighted_avg_income,nearest_distance
2586 Linden Blvd,"Brooklyn, NY, 11208","8,500 ","Brooklyn, ",11208,48.00 ,2015,"2586 Linden Blvd Brooklyn, NY, 11208",40.66885593333333,-73.86880906666667,42.13641413019329,7301.06992636755
103 Macdougal St,"New York, NY, 10012"," 12,000 ","New York, ",10012,120.00 ,1900,"103 Macdougal St New York, NY, 10012",40.72964981818182,-74.00091254545454,124.96935201401051,533.1612494842542
336 W 23rd St,"New York, NY, 10011"," 6,200 ","New York, ",10011,49.00 ,1910,"336 W 23rd St New York, NY, 10011",40.74558845,-74.00007101366131,136.63649222065064,667.8028836539561
1 Wall Street,"New York, NY, 10005"," 12,500 ","New York, ",10005,88.00 ,1904,"1 Wall Street New York, NY, 10005",40.7073017,-74.01169293622516,136.7764505119454,472.86825046790403
31 W 21st St,"New York, NY, 10010","9,000 ","New York, ",10010,115.00 ,1908,"31 W 21st St New York, NY, 10010",40.7411472,-73.99211529319186,130.9073262366938,1126.9202916297897
135 W 36th St,"New York, NY, 10018"," 27,499 ","New York, ",10018,76.50 ,1925,"135 W 36th St New York, NY, 10018",40.75193765,-73.98830564599342,123.03506097560975,317.0246929598882
946 McDonald Ave,"Brooklyn, NY, 11218"," 4,500 ","Brooklyn, ",11218,29.00 ,1933,"946 McDonald Ave Brooklyn, NY, 11218",40.63097965,-73.9774776471771,70.50332929782083,6064.5855052711895
2715 Mermaid Ave,"Brooklyn, NY, 11224","5,000 ","Brooklyn, ",11224,19.68 ,1930,"2715 Mermaid Ave Brooklyn, NY, 11224",40.5757617,-73.993739,52.71917808219178,12266.409378302871
218 Newel St,"Brooklyn, NY, 11222"," 11,760 ","Brooklyn, ",11222,40.00 ,1931,"218 Newel St Brooklyn, NY, 11222",40.7296393,-73.9500212,96.09931212381771,1766.0262609675742
2516 Neptune Ave,"Brooklyn, NY, 11224","4,600 ","Brooklyn, ",11224,22.00 ,2018,"2516 Neptune Ave Brooklyn, NY, 11224",40.5778226,-73.9934212,52.71917808219178,12035.99029806477
261 3rd Ave,"New York, NY, 10010"," 4,096 ","New York, ",10010,200.00 ,2016,"261 3rd Ave New York, NY, 10010",40.7373662,-73.9839735,130.9073262366938,1430.2731639516412
639 Classon Ave,"Brooklyn, NY, 11238","4,283 ","Brooklyn, ",11238,30.00 ,1930,"639 Classon Ave Brooklyn, NY, 11238",40.678643,-73.958602,100.10738255033557,1829.592968293078
421 Troutman St,"Brooklyn, NY, 11237","10,000 ","Brooklyn, ",11237,55.00 ,1960,"421 Troutman St Brooklyn, NY, 11237",40.70681178571429,-73.92248535714286,51.53839590443686,3309.4828290695086
100 Bogart St,"Brooklyn, NY, 11206"," 22,839 ","Brooklyn, ",11206,60.00 ,2017,"100 Bogart St Brooklyn, NY, 11206",40.709049,-73.934515,54.42232237539767,2265.804221635311
2058 Flatbush Ave,"Brooklyn, NY, 11234","4,000 ","Brooklyn, ",11234,30.00 ,1931,"2058 Flatbush Ave Brooklyn, NY, 11234",40.6195706,-73.93397117231845,73.0263720598717,8231.396438360734
755 Forest Ave,"Staten Island, NY, 10310","4,000 ","Staten Island, ",10310,56.25 ,1931,"755 Forest Ave Staten Island, NY, 10310",40.6293401,-74.1142215,71.73327688399661,12605.791728380816
2754 Hylan Blvd,"Staten Island, NY, 10306","9,880 ","Staten Island, ",10306,40.00 ,1972,"2754 Hylan Blvd Staten Island, NY, 10306",40.5639272,-74.1143462,78.23076923076923,17753.00238550194
105 Brighton Beach Ave,"Brooklyn, NY, 11235","8,653 ","Brooklyn, ",11235,51.00 ,2000,"105 Brighton Beach Ave Brooklyn, NY, 11235",40.5764948,-73.9678187,64.00269740068661,12146.552076945305
98 Bogart St,"Brooklyn, NY, 11206"," 25,000 ","Brooklyn, ",11206,45.00 ,1920,"98 Bogart St Brooklyn, NY, 11206",40.706993,-73.933659,54.42232237539767,2415.589208862142
117 Banker St,"Brooklyn, NY, 11222","7,600 ","Brooklyn, ",11222,70.00 ,1958,"117 Banker St Brooklyn, NY, 11222",40.723597322580645,-73.95460551612904,96.09931212381771,991.993116794663
16 Main St,"Brooklyn, NY, 11201"," 7,898 ","Brooklyn, ",11201,150.00 ,1905,"16 Main St Brooklyn, NY, 11201",40.7033972,-73.990887,133.02087503574492,1957.3974660699623
1341 Lexington Ave,"New York, NY, 10128","8,400 ","New York, ",10128,180.00 ,1960,"1341 Lexington Ave New York, NY, 10128",40.7815647,-73.9539002,126.91208439897699,1277.1237473080478
470 Driggs Ave,"Brooklyn, NY, 11211"," 6,600 ","Brooklyn, ",11211,85.00 ,2015,"470 Driggs Ave Brooklyn, NY, 11211",40.7189269,-73.9545714,88.97674418604652,580.6710923682537
823 Flatbush Ave,"Brooklyn, NY, 11226","4,411 ","Brooklyn, ",11226,50.00 ,1931,"823 Flatbush Ave Brooklyn, NY, 11226",40.65242473333333,-73.9591048,54.04270186335404,4022.1289072471695
383 Broadway,"New York, NY, 10013"," 4,500 ","New York, ",10013,150.00 ,1915,"383 Broadway New York, NY, 10013",40.990764600000006,-73.87842823743702,122.22905027932961,14696.980278891602
115 W 29th St,"New York, NY, 10001"," 7,000 ","New York, ",10001,32.00 ,1913,"115 W 29th St New York, NY, 10001",40.7471682,-73.9910255,115.71375233354075,587.9839907195034
283 Grand St,"Brooklyn, NY, 11211"," 5,000 ","Brooklyn, ",11211,60.00 ,2018,"283 Grand St Brooklyn, NY, 11211",40.71313022222222,-73.95759877777779,88.97674418604652,338.3116435931228
530 Fifth Ave,"New York, NY, 10036"," 15,477 ","New York, ",10036,155.00 ,1957,"530 Fifth Ave New York, NY, 10036",42.712440163265306,-73.7092370612245,104.8456755228943,205524.73826031102
639 W 46th St,"New York, NY, 10036"," 25,000 ","New York, ",10036,38.00 ,1940,"639 W 46th St New York, NY, 10036",40.7642505,-73.99793080889339,104.8456755228943,1761.5102241161273
433 Broadway,"New York, NY, 10013"," 43,150 ","New York, ",10013,47.24 ,2016,"433 Broadway New York, NY, 10013",40.7202256,-74.0015682,122.22905027932961,572.1393441091635
34 Taaffe Pl,"Brooklyn, NY, 11205"," 15,180 ","Brooklyn, ",11205,45.00 ,1953,"34 Taaffe Pl Brooklyn, NY, 11205",40.697211,-73.960922,78.3301282051282,1950.6568512144825
748 11th Ave,"New York, NY, 10019","4,027 ","New York, ",10019,105.00 ,2006,"748 11th Ave New York, NY, 10019",40.766850112244896,-73.99404756122449,119.98522167487685,1324.892607014636
4916 Arthur Kill Rd,"Staten Island, NY, 10309","4,428 ","Staten Island, ",10309,16.26 ,2010,"4916 Arthur Kill Rd Staten Island, NY, 10309",40.5232315443038,-74.23925206329113,92.06816760475297,28443.310278193156
1197 Fulton St,"Brooklyn, NY, 11216","5,600 ","Brooklyn, ",11216,53.60 ,1930,"1197 Fulton St Brooklyn, NY, 11216",40.6808323,-73.9536169,69.86347886347886,2146.4503987372077
2865 Veterans Rd W,"Staten Island, NY, 10309","8,500 ","Staten Island, ",10309,65.00 ,2014,"2865 Veterans Rd W Staten Island, NY, 10309",40.52819158809241,-74.23743545740977,92.06816760475297,27934.886699235187
447 W 36th St,"New York, NY, 10018"," 9,250 ","New York, ",10018,50.00 ,1910,"447 W 36th St New York, NY, 10018",40.755799499999995,-73.99738739525293,123.03506097560975,1193.3599481647507
2237 Third Ave,"New York, NY, 10035"," 16,000 ","New York, ",10035,25.00 ,1900,"2237 Third Ave New York, NY, 10035",42.732399290232415,-73.70250961529891,54.232118758434545,207766.5902538531
4201 Broadway,"New York, NY, 10033"," 12,875 ","New York, ",10033,75.00 ,2017,"4201 Broadway New York, NY, 10033",40.848989857142854,-73.936871,55.527279968140185,8716.648971029239
2623 Frederick Douglass blvd,"New York, NY, 10030"," 10,099 ","New York, ",10030,44.00 ,1896,"2623 Frederick Douglass blvd New York, NY, 10030",40.8196299,-73.9444819,51.22160883280757,5409.251387471056
49 W 23rd St,"New York, NY, 10010"," 13,421 ","New York, ",10010,150.00 ,1916,"49 W 23rd St New York, NY, 10010",40.74228391836735,-73.99110844897959,130.9073262366938,1006.2571385176904
2727 Coney Island Ave,"Brooklyn, NY, 11235"," 17,682 ","Brooklyn, ",11235,45.00 ,1927,"2727 Coney Island Ave Brooklyn, NY, 11235",40.59021135,-73.96023706256597,64.00269740068661,10700.19843011312
1637 Sheepshead Bay Rd,"Brooklyn, NY, 11235","10,000 ","Brooklyn, ",11235,55.00 ,1927,"1637 Sheepshead Bay Rd Brooklyn, NY, 11235",40.58676375,-73.95203725784029,64.00269740068661,11195.674730230541
7418 13th Ave,"Brooklyn, NY, 11228","4,230 ","Brooklyn, ",11228,50.00 ,1931,"7418 13th Ave Brooklyn, NY, 11228",40.6206544,-74.007273,65.35714285714286,7617.80825087998
150 S Portland Ave,"Brooklyn, NY, 11217","7,800 ","Brooklyn, ",11217,35.00 ,2024,"150 S Portland Ave Brooklyn, NY, 11217",40.6847728,-73.9742394,114.30954676952749,349.0456300154163
6400 Amboy Rd,"Staten Island, NY, 10309"," 42,064 ","Staten Island, ",10309,28.00 ,1996,"6400 Amboy Rd Staten Island, NY, 10309",40.520736,-74.217683,92.06816760475297,27310.697263996863
369 Quentin Rd,"Brooklyn, NY, 11223","7,000 ","Brooklyn, ",11223,50.00 ,2024,"369 Quentin Rd Brooklyn, NY, 11223",40.60678789473684,-73.97228436842104,59.43048526347127,8765.088598003418
476 Kings Hwy,"Brooklyn, NY, 11223"," 10,250 ","Brooklyn, ",11223,60.00 ,1931,"476 Kings Hwy Brooklyn, NY, 11223",40.60432175,-73.9726125,59.43048526347127,9037.007380761712
411 Meeker Ave,"Brooklyn, NY, 11222"," 9,000 ","Brooklyn, ",11222,42.50 ,2022,"411 Meeker Ave Brooklyn, NY, 11222",40.7189793,-73.946675,96.09931212381771,1177.8392238387905
531 W 26th St,"New York, NY, 10001"," 67,940 ","New York, ",10001,62.00 ,1920,"531 W 26th St New York, NY, 10001",40.7500533877551,-74.00365836734694,115.71375233354075,996.3556993590677
217 Main St,"Staten Island, NY, 10307"," 6,648 ","Staten Island, ",10307,45.00 ,1932,"217 Main St Staten Island, NY, 10307",40.50995335,-74.24713775000001,94.2078488372093,29974.902018798217
2277 3rd Ave,"New York, NY, 10035"," 7,500 ","New York, ",10035,30.00 ,1910,"2277 3rd Ave New York, NY, 10035",40.8026919,-73.93614554687983,54.232118758434545,4042.1563729564723
318 E 62nd St,"New York, NY, 10065"," 4,700 ","New York, ",10065,115.00 ,1910,"318 E 62nd St New York, NY, 10065",40.761973749999996,-73.96227599617663,137.905672823219,1277.7001215511953
444 Graham Ave,"Brooklyn, NY, 11211","4,000 ","Brooklyn, ",11211,45.00 ,2024,"444 Graham Ave Brooklyn, NY, 11211",40.7182986,-73.9448952,88.97674418604652,1302.064847915629
241 W 36th St,"New York, NY, 10018"," 10,109 ","New York, ",10018,55.00 ,1925,"241 W 36th St New York, NY, 10018",40.7531443,-73.99111345,123.03506097560975,587.993500206233
651 Eleventh Ave,"New York, NY, 10036"," 75,000 ","New York, ",10036,69.00 ,1940,"651 Eleventh Ave New York, NY, 10036",42.7352973,-73.71131,104.8456755228943,208052.83678334148
357 Broadway,"New York, NY, 10013"," 12,148 ","New York, ",10013,125.00 ,2018,"357 Broadway New York, NY, 10013",40.94783525,-73.8937227937998,122.22905027932961,10832.641629533768
38 W 32nd St,"New York, NY, 10001"," 21,270 ","New York, ",10001,51.00 ,1915,"38 W 32nd St New York, NY, 10001",40.7478474,-73.9873572,115.71375233354075,313.17413679994115
22 W 32nd St,"New York, NY, 10001","37,500 ","New York, ",10001,40.00 ,1913,"22 W 32nd St New York, NY, 10001",40.7476009,-73.9868755,115.71375233354075,317.5408586897504
36 W 32nd St,"New York, NY, 10001","13,500 ","New York, ",10001,40.00 ,1906,"36 W 32nd St New York, NY, 10001",40.7475001875,-73.9865399375,115.71375233354075,317.47992102909717
205 W 38th St,"New York, NY, 10018"," 22,500 ","New York, ",10018,86.40 ,2021,"205 W 38th St New York, NY, 10018",40.7538227,-73.9889979,123.03506097560975,507.69769688831093
231 E 50th St,"New York, NY, 10022"," 4,000 ","New York, ",10022,48.00 ,1950,"231 E 50th St New York, NY, 10022",40.755506100000005,-73.96942221521043,142.5141065830721,694.7732179238137
481 Broome St,"New York, NY, 10013","6,000 ","New York, ",10013,185.00 ,1900,"481 Broome St New York, NY, 10013",40.722925,-74.002369,122.22905027932961,359.06098050913994
133 Eldridge St,"New York, NY, 10002","7,500 ","New York, ",10002,35.00 ,1900,"133 Eldridge St New York, NY, 10002",40.7190092,-73.9918027499002,64.70105421686748,913.2543932232105
1229 Castleton Ave,"Staten Island, NY, 10310","6,500 ","Staten Island, ",10310,22.00 ,1940,"1229 Castleton Ave Staten Island, NY, 10310",40.63428605,-74.12324575091051,71.73327688399661,12767.898977690911
20 Jay St,"Brooklyn, NY, 11201"," 53,979 ","Brooklyn, ",11201,33.00 ,1915,"20 Jay St Brooklyn, NY, 11201",40.7041127,-73.9868413,133.02087503574492,2182.0536761778594
90 Sands St,"Brooklyn, NY, 11201"," 36,326 ","Brooklyn, ",11201,40.00 ,2022,"90 Sands St Brooklyn, NY, 11201",40.6995838,-73.98721707678408,133.02087503574492,1729.9043291132234
4806 Avenue N,"Brooklyn, NY, 11234","4,600 ","Brooklyn, ",11234,32.00 ,1931,"4806 Avenue N Brooklyn, NY, 11234",40.6186654,-73.92844505028398,73.0263720598717,8541.499698280435
3040 Nostrand Ave,"Brooklyn, NY, 11229"," 15,000 ","Brooklyn, ",11229,40.00 ,1989,"3040 Nostrand Ave Brooklyn, NY, 11229",40.6102309,-73.9439397,67.06064618644068,8856.591415242237
1675 3rd Ave,"New York, NY, 10128","8,952 ","New York, ",10128,41.88 ,1986,"1675 3rd Ave New York, NY, 10128",40.7834733,-73.9502583,126.91208439897699,1645.2457319791838
2965 Veterans Rd W,"Staten Island, NY, 10309"," 12,067 ","Staten Island, ",10309,45.00 ,2007,"2965 Veterans Rd W Staten Island, NY, 10309",40.5273907,-74.233939,92.06816760475297,27798.61394068182
8501 New Utrecht Ave,"Brooklyn, NY, 11214","5,000 ","Brooklyn, ",11214,30.00 ,1928,"8501 New Utrecht Ave Brooklyn, NY, 11214",40.60720915,-74.00144236159105,53.93504639543183,8922.64448566264
120 Wall St,"New York, NY, 10005"," 4,220 ","New York, ",10005,70.00 ,1929,"120 Wall St New York, NY, 10005",40.704761250000004,-74.00595511542886,136.7764505119454,884.5383578129895
154 E 23rd St,"New York, NY, 10010"," 5,945 ","New York, ",10010,120.00 ,2021,"154 E 23rd St New York, NY, 10010",40.7389754,-73.9838977,130.9073262366938,1252.8203491133115
168 7th St,"Brooklyn, NY, 11215"," 18,000 ","Brooklyn, ",11215,35.00 ,1910,"168 7th St Brooklyn, NY, 11215",40.6728674,-73.9910249,119.79633587786259,1779.470150910834
1728 Sheepshead Bay Rd,"Brooklyn, NY, 11235"," 32,000 ","Brooklyn, ",11235,30.00 ,1927,"1728 Sheepshead Bay Rd Brooklyn, NY, 11235",40.58538875,-73.95205110958923,64.00269740068661,11345.159199181137
1118 Pennsylvania Ave,"Brooklyn, NY, 11207"," 7,500 ","Brooklyn, ",11207,45.00 ,1963,"1118 Pennsylvania Ave Brooklyn, NY, 11207",40.65343878947368,-73.88691336842105,44.80173423951254,8506.410123476178
431 W 16th St,"New York, NY, 10011","6,500 ","New York, ",10011,150.00 ,1950,"431 W 16th St New York, NY, 10011",40.7430035,-74.0058886,136.63649222065064,205.08164840570683
1081 Atlantic Ave,"Brooklyn, NY, 11238","5,750 ","Brooklyn, ",11238,40.00 ,1930,"1081 Atlantic Ave Brooklyn, NY, 11238",40.6819833,-73.9688709,100.10738255033557,886.4968479118164
267 W 126th St,"New York, NY, 10027"," 4,326 ","New York, ",10027,40.00 ,2022,"267 W 126th St New York, NY, 10027",40.81050169387755,-73.94965006122449,66.99653045489592,4311.191932540309
110 Thatford Ave,"Brooklyn, NY, 11212"," 18,505 ","Brooklyn, ",11212,36.00 ,2023,"110 Thatford Ave Brooklyn, NY, 11212",40.66877028571429,-73.90964004081633,41.45540032240731,6091.984216859398
1285 Broadway,"Brooklyn, NY, 11221"," 14,000 ","Brooklyn, ",11221,29.50 ,1995,"1285 Broadway Brooklyn, NY, 11221",40.6910037,-73.9242883,56.33072215422277,4065.954197092931
921 Richmond Ave,"Staten Island, NY, 10314","5,700 ","Staten Island, ",10314,62.00 ,1974,"921 Richmond Ave Staten Island, NY, 10314",40.6247672,-74.14856086045738,78.61298701298702,15078.15503511094
251 4th Ave,"Brooklyn, NY, 11215","5,800 ","Brooklyn, ",11215,66.21 ,1921,"251 4th Ave Brooklyn, NY, 11215",40.67622,-73.983731,119.79633587786259,1139.7578988438606
50 Greene St,"New York, NY, 10013"," 25,750 ","New York, ",10013,115.00 ,1900,"50 Greene St New York, NY, 10013",40.722199714285715,-74.00158042857143,122.22905027932961,376.11869702137625
2220 Flatbush Ave,"Brooklyn, NY, 11234"," 7,500 ","Brooklyn, ",11234,38.00 ,1952,"2220 Flatbush Ave Brooklyn, NY, 11234",40.6155853,-73.92962860064989,73.0263720598717,8793.514342299755
510 Driggs Ave,"Brooklyn, NY, 11211"," 5,859 ","Brooklyn, ",11211,150.00 ,2022,"510 Driggs Ave Brooklyn, NY, 11211",40.7179428,-73.95576868575758,88.97674418604652,433.7163160630723
2222 Church Ave,"Brooklyn, NY, 11226","15,000 ","Brooklyn, ",11226,49.00 ,1931,"2222 Church Ave Brooklyn, NY, 11226",40.6501993,-73.95781292985555,54.04270186335404,4292.33268468223
419 Park Ave S,"New York, NY, 10016"," 67,184 ","New York, ",10016,60.00 ,1927,"419 Park Ave S New York, NY, 10016",40.7437261,-73.9835592,121.98438008460788,734.7156329863336
111 W 24th St,"New York, NY, 10011"," 25,930 ","New York, ",10011,55.00 ,1902,"111 W 24th St New York, NY, 10011",40.74380889744286,-73.99266935386287,136.63649222065064,943.1468146483749
515 Broadway,"New York, NY, 10012"," 30,000 ","New York, ",10012,128.33 ,1875,"515 Broadway New York, NY, 10012",40.7226841,-73.9992804,124.96935201401051,261.72900561914656
1627 Broadway,"New York, NY, 10019"," 17,994 ","New York, ",10019,207.91 ,1930,"1627 Broadway New York, NY, 10019",40.7613625,-73.9843113,119.98522167487685,953.250825090633
1413 38th St,"Brooklyn, NY, 11218","4,800 ","Brooklyn, ",11218,35.00 ,1924,"1413 38th St Brooklyn, NY, 11218",40.63970075510204,-73.98306983673469,70.50332929782083,5112.234456005879
38 Victory Blvd,"Staten Island, NY, 10301"," 50,000 ","Staten Island, ",10301,45.00 ,2023,"38 Victory Blvd Staten Island, NY, 10301",40.63783188095238,-74.07661871428571,71.53340575774035,9866.842755746362
178 Delancey St,"New York, NY, 10002","5,000 ","New York, ",10002,59.00 ,1910,"178 Delancey St New York, NY, 10002",40.7177858,-73.9849194,64.70105421686748,1447.4072280392631
1188 Flushing Ave,"Brooklyn, NY, 11237"," 20,000 ","Brooklyn, ",11237,45.00 ,1929,"1188 Flushing Ave Brooklyn, NY, 11237",40.70695825000001,-73.92452175,51.53839590443686,3140.485821811988
556 Howard Ave,"Brooklyn, NY, 11233"," 8,400 ","Brooklyn, ",11233,35.00 ,1921,"556 Howard Ave Brooklyn, NY, 11233",40.6687259,-73.92052729341106,53.553238546603474,5225.249213726376
37 Greenpoint Ave,"Brooklyn, NY, 11222"," 8,300 ","Brooklyn, ",11222,51.00 ,1931,"37 Greenpoint Ave Brooklyn, NY, 11222",40.7298686,-73.9590216,96.09931212381771,1583.600364138363
411 Meeker Ave,"Brooklyn, NY, 11222"," 9,000 ","Brooklyn, ",11222,42.50 ,2022,"411 Meeker Ave Brooklyn, NY, 11222",40.7189793,-73.946675,96.09931212381771,1177.8392238387905
531 W 26th St,"New York, NY, 10001"," 67,940 ","New York, ",10001,62.00 ,1920,"531 W 26th St New York, NY, 10001",40.7500533877551,-74.00365836734694,115.71375233354075,996.3556993590677
217 Main St,"Staten Island, NY, 10307"," 6,648 ","Staten Island, ",10307,45.00 ,1932,"217 Main St Staten Island, NY, 10307",40.50995335,-74.24713775000001,94.2078488372093,29974.902018798217
2277 3rd Ave,"New York, NY, 10035"," 7,500 ","New York, ",10035,30.00 ,1910,"2277 3rd Ave New York, NY, 10035",40.8026919,-73.93614554687983,54.232118758434545,4042.1563729564723
318 E 62nd St,"New York, NY, 10065"," 4,700 ","New York, ",10065,115.00 ,1910,"318 E 62nd St New York, NY, 10065",40.761973749999996,-73.96227599617663,137.905672823219,1277.7001215511953
444 Graham Ave,"Brooklyn, NY, 11211","4,000 ","Brooklyn, ",11211,45.00 ,2024,"444 Graham Ave Brooklyn, NY, 11211",40.7182986,-73.9448952,88.97674418604652,1302.064847915629
241 W 36th St,"New York, NY, 10018"," 10,109 ","New York, ",10018,55.00 ,1925,"241 W 36th St New York, NY, 10018",40.7531443,-73.99111345,123.03506097560975,587.993500206233
651 Eleventh Ave,"New York, NY, 10036"," 75,000 ","New York, ",10036,69.00 ,1940,"651 Eleventh Ave New York, NY, 10036",42.7352973,-73.71131,104.8456755228943,208052.83678334148
357 Broadway,"New York, NY, 10013"," 12,148 ","New York, ",10013,125.00 ,2018,"357 Broadway New York, NY, 10013",40.94783525,-73.8937227937998,122.22905027932961,10832.641629533768
38 W 32nd St,"New York, NY, 10001"," 21,270 ","New York, ",10001,51.00 ,1915,"38 W 32nd St New York, NY, 10001",40.7478474,-73.9873572,115.71375233354075,313.17413679994115
22 W 32nd St,"New York, NY, 10001","37,500 ","New York, ",10001,40.00 ,1913,"22 W 32nd St New York, NY, 10001",40.7476009,-73.9868755,115.71375233354075,317.5408586897504
36 W 32nd St,"New York, NY, 10001","13,500 ","New York, ",10001,40.00 ,1906,"36 W 32nd St New York, NY, 10001",40.7475001875,-73.9865399375,115.71375233354075,317.47992102909717
205 W 38th St,"New York, NY, 10018"," 22,500 ","New York, ",10018,86.40 ,2021,"205 W 38th St New York, NY, 10018",40.7538227,-73.9889979,123.03506097560975,507.69769688831093
231 E 50th St,"New York, NY, 10022"," 4,000 ","New York, ",10022,48.00 ,1950,"231 E 50th St New York, NY, 10022",40.755506100000005,-73.96942221521043,142.5141065830721,694.7732179238137
481 Broome St,"New York, NY, 10013","6,000 ","New York, ",10013,185.00 ,1900,"481 Broome St New York, NY, 10013",40.722925,-74.002369,122.22905027932961,359.06098050913994
133 Eldridge St,"New York, NY, 10002","7,500 ","New York, ",10002,35.00 ,1900,"133 Eldridge St New York, NY, 10002",40.7190092,-73.9918027499002,64.70105421686748,913.2543932232105
1229 Castleton Ave,"Staten Island, NY, 10310","6,500 ","Staten Island, ",10310,22.00 ,1940,"1229 Castleton Ave Staten Island, NY, 10310",40.63428605,-74.12324575091051,71.73327688399661,12767.898977690911
20 Jay St,"Brooklyn, NY, 11201"," 53,979 ","Brooklyn, ",11201,33.00 ,1915,"20 Jay St Brooklyn, NY, 11201",40.7041127,-73.9868413,133.02087503574492,2182.0536761778594
90 Sands St,"Brooklyn, NY, 11201"," 36,326 ","Brooklyn, ",11201,40.00 ,2022,"90 Sands St Brooklyn, NY, 11201",40.6995838,-73.98721707678408,133.02087503574492,1729.9043291132234
4806 Avenue N,"Brooklyn, NY, 11234","4,600 ","Brooklyn, ",11234,32.00 ,1931,"4806 Avenue N Brooklyn, NY, 11234",40.6186654,-73.92844505028398,73.0263720598717,8541.499698280435
3040 Nostrand Ave,"Brooklyn, NY, 11229"," 15,000 ","Brooklyn, ",11229,40.00 ,1989,"3040 Nostrand Ave Brooklyn, NY, 11229",40.6102309,-73.9439397,67.06064618644068,8856.591415242237
1675 3rd Ave,"New York, NY, 10128","8,952 ","New York, ",10128,41.88 ,1986,"1675 3rd Ave New York, NY, 10128",40.7834733,-73.9502583,126.91208439897699,1645.2457319791838
2965 Veterans Rd W,"Staten Island, NY, 10309"," 12,067 ","Staten Island, ",10309,45.00 ,2007,"2965 Veterans Rd W Staten Island, NY, 10309",40.5273907,-74.233939,92.06816760475297,27798.61394068182
8501 New Utrecht Ave,"Brooklyn, NY, 11214","5,000 ","Brooklyn, ",11214,30.00 ,1928,"8501 New Utrecht Ave Brooklyn, NY, 11214",40.60720915,-74.00144236159105,53.93504639543183,8922.64448566264
120 Wall St,"New York, NY, 10005"," 4,220 ","New York, ",10005,70.00 ,1929,"120 Wall St New York, NY, 10005",40.704761250000004,-74.00595511542886,136.7764505119454,884.5383578129895
154 E 23rd St,"New York, NY, 10010"," 5,945 ","New York, ",10010,120.00 ,2021,"154 E 23rd St New York, NY, 10010",40.7389754,-73.9838977,130.9073262366938,1252.8203491133115
168 7th St,"Brooklyn, NY, 11215"," 18,000 ","Brooklyn, ",11215,35.00 ,1910,"168 7th St Brooklyn, NY, 11215",40.6728674,-73.9910249,119.79633587786259,1779.470150910834
1728 Sheepshead Bay Rd,"Brooklyn, NY, 11235"," 32,000 ","Brooklyn, ",11235,30.00 ,1927,"1728 Sheepshead Bay Rd Brooklyn, NY, 11235",40.58538875,-73.95205110958923,64.00269740068661,11345.159199181137
1118 Pennsylvania Ave,"Brooklyn, NY, 11207"," 7,500 ","Brooklyn, ",11207,45.00 ,1963,"1118 Pennsylvania Ave Brooklyn, NY, 11207",40.65343878947368,-73.88691336842105,44.80173423951254,8506.410123476178
431 W 16th St,"New York, NY, 10011","6,500 ","New York, ",10011,150.00 ,1950,"431 W 16th St New York, NY, 10011",40.7430035,-74.0058886,136.63649222065064,205.08164840570683
1081 Atlantic Ave,"Brooklyn, NY, 11238","5,750 ","Brooklyn, ",11238,40.00 ,1930,"1081 Atlantic Ave Brooklyn, NY, 11238",40.6819833,-73.9688709,100.10738255033557,886.4968479118164
267 W 126th St,"New York, NY, 10027"," 4,326 ","New York, ",10027,40.00 ,2022,"267 W 126th St New York, NY, 10027",40.81050169387755,-73.94965006122449,66.99653045489592,4311.191932540309
110 Thatford Ave,"Brooklyn, NY, 11212"," 18,505 ","Brooklyn, ",11212,36.00 ,2023,"110 Thatford Ave Brooklyn, NY, 11212",40.66877028571429,-73.90964004081633,41.45540032240731,6091.984216859398
1285 Broadway,"Brooklyn, NY, 11221"," 14,000 ","Brooklyn, ",11221,29.50 ,1995,"1285 Broadway Brooklyn, NY, 11221",40.6910037,-73.9242883,56.33072215422277,4065.954197092931
921 Richmond Ave,"Staten Island, NY, 10314","5,700 ","Staten Island, ",10314,62.00 ,1974,"921 Richmond Ave Staten Island, NY, 10314",40.6247672,-74.14856086045738,78.61298701298702,15078.15503511094
251 4th Ave,"Brooklyn, NY, 11215","5,800 ","Brooklyn, ",11215,66.21 ,1921,"251 4th Ave Brooklyn, NY, 11215",40.67622,-73.983731,119.79633587786259,1139.7578988438606
50 Greene St,"New York, NY, 10013"," 25,750 ","New York, ",10013,115.00 ,1900,"50 Greene St New York, NY, 10013",40.722199714285715,-74.00158042857143,122.22905027932961,376.11869702137625
2220 Flatbush Ave,"Brooklyn, NY, 11234"," 7,500 ","Brooklyn, ",11234,38.00 ,1952,"2220 Flatbush Ave Brooklyn, NY, 11234",40.6155853,-73.92962860064989,73.0263720598717,8793.514342299755
510 Driggs Ave,"Brooklyn, NY, 11211"," 5,859 ","Brooklyn, ",11211,150.00 ,2022,"510 Driggs Ave Brooklyn, NY, 11211",40.7179428,-73.95576868575758,88.97674418604652,433.7163160630723
2222 Church Ave,"Brooklyn, NY, 11226","15,000 ","Brooklyn, ",11226,49.00 ,1931,"2222 Church Ave Brooklyn, NY, 11226",40.6501993,-73.95781292985555,54.04270186335404,4292.33268468223
419 Park Ave S,"New York, NY, 10016"," 67,184 ","New York, ",10016,60.00 ,1927,"419 Park Ave S New York, NY, 10016",40.7437261,-73.9835592,121.98438008460788,734.7156329863336
111 W 24th St,"New York, NY, 10011"," 25,930 ","New York, ",10011,55.00 ,1902,"111 W 24th St New York, NY, 10011",40.74380889744286,-73.99266935386287,136.63649222065064,943.1468146483749
515 Broadway,"New York, NY, 10012"," 30,000 ","New York, ",10012,128.33 ,1875,"515 Broadway New York, NY, 10012",40.7226841,-73.9992804,124.96935201401051,261.72900561914656
1627 Broadway,"New York, NY, 10019"," 17,994 ","New York, ",10019,207.91 ,1930,"1627 Broadway New York, NY, 10019",40.7613625,-73.9843113,119.98522167487685,953.250825090633
1413 38th St,"Brooklyn, NY, 11218","4,800 ","Brooklyn, ",11218,35.00 ,1924,"1413 38th St Brooklyn, NY, 11218",40.63970075510204,-73.98306983673469,70.50332929782083,5112.234456005879
38 Victory Blvd,"Staten Island, NY, 10301"," 50,000 ","Staten Island, ",10301,45.00 ,2023,"38 Victory Blvd Staten Island, NY, 10301",40.63783188095238,-74.07661871428571,71.53340575774035,9866.842755746362
178 Delancey St,"New York, NY, 10002","5,000 ","New York, ",10002,59.00 ,1910,"178 Delancey St New York, NY, 10002",40.7177858,-73.9849194,64.70105421686748,1447.4072280392631
1188 Flushing Ave,"Brooklyn, NY, 11237"," 20,000 ","Brooklyn, ",11237,45.00 ,1929,"1188 Flushing Ave Brooklyn, NY, 11237",40.70695825000001,-73.92452175,51.53839590443686,3140.485821811988
556 Howard Ave,"Brooklyn, NY, 11233"," 8,400 ","Brooklyn, ",11233,35.00 ,1921,"556 Howard Ave Brooklyn, NY, 11233",40.6687259,-73.92052729341106,53.553238546603474,5225.249213726376
37 Greenpoint Ave,"Brooklyn, NY, 11222"," 8,300 ","Brooklyn, ",11222,51.00 ,1931,"37 Greenpoint Ave Brooklyn, NY, 11222",40.7298686,-73.9590216,96.09931212381771,1583.600364138363
566 Nostrand Ave,"Brooklyn, NY, 11216","8,000 ","Brooklyn, ",11216,50.00 ,1910,"566 Nostrand Ave Brooklyn, NY, 11216",40.67922775,-73.94992024999999,69.86347886347886,2495.060061692031
55 Chrystie St,"New York, NY, 10002"," 47,700 ","New York, ",10002,45.00 ,1900,"55 Chrystie St New York, NY, 10002",40.71667731428572,-73.99467854285714,64.70105421686748,1002.5665065945307
1035 Brighton Beach Ave,"Brooklyn, NY, 11235"," 21,387 ","Brooklyn, ",11235,180.00 ,1931,"1035 Brighton Beach Ave Brooklyn, NY, 11235",40.5784211,-73.9583005,64.00269740068661,12019.492061259007
1123 Broadway,"New York, NY, 10010"," 61,890 ","New York, ",10010,100.00 ,1900,"1123 Broadway New York, NY, 10010",40.7433913,-73.9892649,130.9073262366938,826.6786417139847
353 Hamilton Ave,"Brooklyn, NY, 11231","4,000 ","Brooklyn, ",11231,40.00 ,1931,"353 Hamilton Ave Brooklyn, NY, 11231",40.6738764,-73.9995394,111.76460176991151,2222.223667466797
179 Franklin St,"New York, NY, 10013"," 11,700 ","New York, ",10013,61.68 ,1915,"179 Franklin St New York, NY, 10013",40.7192036,-74.00961075732478,122.22905027932961,863.0278168624601
2025 Broadway,"New York, NY, 10023"," 7,668 ","New York, ",10023,150.24 ,1977,"2025 Broadway New York, NY, 10023",40.7767283,-73.9824048,139.6698766175143,185.92516797973218
100 Broadway,"New York, NY, 10005"," 21,267 ","New York, ",10005,197.52 ,1897,"100 Broadway New York, NY, 10005",40.70797775,-74.01109348756432,136.7764505119454,398.1874212765473
1938 Coney Island Ave,"Brooklyn, NY, 11230","4,500 ","Brooklyn, ",11230,50.00 ,2021,"1938 Coney Island Ave Brooklyn, NY, 11230",40.61023078846154,-73.96253503846154,66.57185710389965,8472.939888942814
425 W 18th St,"New York, NY, 10011"," 7,899 ","New York, ",10011,60.00 ,2020,"425 W 18th St New York, NY, 10011",40.743844,-74.00425844897958,136.63649222065064,312.04266349927946
379 Jefferson St,"Brooklyn, NY, 11237"," 7,500 ","Brooklyn, ",11237,40.00 ,1988,"379 Jefferson St Brooklyn, NY, 11237",40.706415428571425,-73.92432857142857,51.53839590443686,3174.938624783868
555 Johnson Ave,"Brooklyn, NY, 11237"," 40,000 ","Brooklyn, ",11237,38.00 ,1969,"555 Johnson Ave Brooklyn, NY, 11237",40.7090799,-73.9249972,51.53839590443686,3037.408196042674
1749 First Ave,"New York, NY, 10128","7,354 ","New York, ",10128,57.79 ,2002,"1749 First Ave New York, NY, 10128",42.95471490247753,-74.29101854758918,126.91208439897699,235362.50274115257
33 7th Ave,"New York, NY, 10011","9,775 ","New York, ",10011,97.19 ,1961,"33 7th Ave New York, NY, 10011",40.7374751,-74.0002167,136.63649222065064,604.7880525213417
377 Jefferson St,"Brooklyn, NY, 11237"," 20,000 ","Brooklyn, ",11237,75.00 ,1929,"377 Jefferson St Brooklyn, NY, 11237",40.7066477,-73.9241185,51.53839590443686,3183.5742999128547
12 W 29th St,"New York, NY, 10001"," 4,000 ","New York, ",10001,54.00 ,1925,"12 W 29th St New York, NY, 10001",40.7455054,-73.98792202007509,115.71375233354075,566.1883743633955
394 Sixth Ave,"New York, NY, 10011"," 5,722 ","New York, ",10011,68.94 ,1957,"394 Sixth Ave New York, NY, 10011",42.71042081632653,-73.71133720408163,136.63649222065064,205292.38448569414
46 Graham Ave,"Brooklyn, NY, 11206"," 6,400 ","Brooklyn, ",11206,60.00 ,1931,"46 Graham Ave Brooklyn, NY, 11206",40.7022468,-73.9422008,54.42232237539767,2107.9435975956685
535 W 20th St,"New York, NY, 10011"," 30,336 ","New York, ",10011,95.00 ,1930,"535 W 20th St New York, NY, 10011",40.746518,-74.006974,136.63649222065064,605.8006899065085
30 Avenue A,"New York, NY, 10009","8,500 ","New York, ",10009,80.00 ,1930,"30 Avenue A New York, NY, 10009",40.7995229,-73.93076844732735,83.04491017964072,4067.9465698293525
9712 Seaview Ave,"Brooklyn, NY, 11236","10,000 ","Brooklyn, ",11236,40.00 ,1956,"9712 Seaview Ave Brooklyn, NY, 11236",40.63412375,-73.88903325,55.48652173913043,9463.383001924529
1451 Richmond Ave,"Staten Island, NY, 10314"," 6,300 ","Staten Island, ",10314,42.00 ,1998,"1451 Richmond Ave Staten Island, NY, 10314",40.612594349999995,-74.15865101139471,78.61298701298702,16606.512713190255
845 Third Ave,"New York, NY, 10022"," 119,976 ","New York, ",10022,200.00 ,1963,"845 Third Ave New York, NY, 10022",42.71576100566184,-73.70508320176167,142.5141065830721,205910.00025180168
60 E 9th St,"New York, NY, 10003","11,600 ","New York, ",10003,72.85 ,1954,"60 E 9th St New York, NY, 10003",40.7313981,-73.9927297,128.99104143337067,890.5903394212793
261 Schenectady Ave,"Brooklyn, NY, 11213","4,400 ","Brooklyn, ",11213,40.00 ,1930,"261 Schenectady Ave Brooklyn, NY, 11213",40.669664749999995,-73.93354187719416,52.270289097875306,4171.227010448314
3918 Broadway,"New York, NY, 10032","4,082 ","New York, ",10032,139.64 ,1909,"3918 Broadway New York, NY, 10032",40.83859281632653,-73.94144318367347,48.92989466037051,7501.240139354479
2131 Hylan Blvd,"Staten Island, NY, 10306"," 28,000 ","Staten Island, ",10306,49.00 ,1931,"2131 Hylan Blvd Staten Island, NY, 10306",40.578571,-74.101853,78.23076923076923,15830.976203990325
210 Livingston St,"Brooklyn, NY, 11201"," 17,513 ","Brooklyn, ",11201,125.00 ,2018,"210 Livingston St Brooklyn, NY, 11201",40.6894744,-73.9856916,133.02087503574492,764.4060750380127
254 Park Ave S,"New York, NY, 10010"," 9,627 ","New York, ",10010,89.27 ,1913,"254 Park Ave S New York, NY, 10010",40.7385701,-73.9877712,130.9073262366938,1308.4898530583075
1657 Broadway,"New York, NY, 10019"," 17,516 ","New York, ",10019,182.69 ,1984,"1657 Broadway New York, NY, 10019",40.7625626,-73.9835281,119.98522167487685,1028.8427254609257
30 Bay St,"Staten Island, NY, 10301"," 12,654 ","Staten Island, ",10301,31.00 ,1924,"30 Bay St Staten Island, NY, 10301",40.6413913,-74.0760822,71.53340575774035,9518.103850116799
2565 Broadway,"New York, NY, 10025"," 16,329 ","New York, ",10025,165.00 ,1983,"2565 Broadway New York, NY, 10025",40.7948992,-73.9719361,104.62573374031463,2381.49219785957
969 Third Ave,"New York, NY, 10022"," 19,714 ","New York, ",10022,105.00 ,1964,"969 Third Ave New York, NY, 10022",40.8089453,-73.9302259,142.5141065830721,4897.548748623715
303 E 43rd St,"New York, NY, 10017","4,268 ","New York, ",10017,33.75 ,1983,"303 E 43rd St New York, NY, 10017",40.7506032,-73.9713921,133.82326820603907,675.4918046902776
500 W 175th St,"New York, NY, 10033"," 6,265 ","New York, ",10033,85.20 ,1911,"500 W 175th St New York, NY, 10033",40.8443019,-73.9342776,55.527279968140185,8280.94264178703
1223 Surf Ave,"Brooklyn, NY, 11224"," 8,000 ","Brooklyn, ",11224,65.00 ,2017,"1223 Surf Ave Brooklyn, NY, 11224",40.5757455,-73.9804567,52.71917808219178,12199.258814913273
300 Lafayette St,"New York, NY, 10012"," 18,433 ","New York, ",10012,375.00 ,2019,"300 Lafayette St New York, NY, 10012",40.7246643,-73.9958567,124.96935201401051,281.59303884211045
554 W 174th St,"New York, NY, 10033","15,000 ","New York, ",10033,30.00 ,1916,"554 W 174th St New York, NY, 10033",40.844236699999996,-73.93636164406439,55.527279968140185,8221.56916368138
585 W 181st St,"New York, NY, 10033"," 34,322 ","New York, ",10033,218.00 ,1959,"585 W 181st St New York, NY, 10033",40.8492525,-73.9332434,55.527279968140185,8831.263755831442
630 Flushing Ave,"Brooklyn, NY, 11206"," 70,171 ","Brooklyn, ",11206,49.00 ,1930,"630 Flushing Ave Brooklyn, NY, 11206",40.700085781249996,-73.94672184375,54.42232237539767,2053.588397058277
124 W 30th St,"New York, NY, 10001"," 16,693 ","New York, ",10001,69.00 ,1924,"124 W 30th St New York, NY, 10001",40.7476245,-73.9907294,115.71375233354075,539.1205807962771
144 E 44th St,"New York, NY, 10017"," 9,955 ","New York, ",10017,75.00 ,1959,"144 E 44th St New York, NY, 10017",40.7523481,-73.9744712,133.82326820603907,352.09559497882293
44 W 18th St,"New York, NY, 10011"," 40,625 ","New York, ",10011,69.00 ,1906,"44 W 18th St New York, NY, 10011",40.7392151,-73.9942981,136.63649222065064,967.6380191420114
750 Lexington Ave,"New York, NY, 10022"," 112,859 ","New York, ",10022,65.00 ,1988,"750 Lexington Ave New York, NY, 10022",40.7625148,-73.9685564,142.5141065830721,1170.069554577173
564 Court St,"Brooklyn, NY, 11231"," 4,060 ","Brooklyn, ",11231, 0 ,2007,"564 Court St Brooklyn, NY, 11231",40.67435656451613,-73.99964069354839,111.76460176991151,2198.481680995668
551 Madison Ave,"New York, NY, 10022"," 13,758 ","New York, ",10022, 0 ,1922,"551 Madison Ave New York, NY, 10022",40.7610198,-73.9730731,142.5141065830721,817.0700444958445
240 Broadway,"Brooklyn, NY, 11211"," 13,803 ","Brooklyn, ",11211, 0 ,1891,"240 Broadway Brooklyn, NY, 11211",40.7087961,-73.95998133948065,88.97674418604652,758.2367376678546
2250 Nostrand Ave,"Brooklyn, NY, 11210","18,689 ","Brooklyn, ",11210, 0 ,1989,"2250 Nostrand Ave Brooklyn, NY, 11210",40.63001925,-73.9475135,65.26455210874869,6695.254396916756
44 Varet St,"Brooklyn, NY, 11206","6,000 ","Brooklyn, ",11206, 0 ,2018,"44 Varet St Brooklyn, NY, 11206",40.703204945454544,-73.94180346363636,54.42232237539767,2059.16483191625
350 W Broadway,"New York, NY, 10013"," 15,300 ","New York, ",10013, 0 ,2009,"350 W Broadway New York, NY, 10013",40.72278845,-74.00372971525668,122.22905027932961,460.38786808742503
1602 Kings Hwy,"Brooklyn, NY, 11229"," 23,365 ","Brooklyn, ",11229, 0 ,1930,"1602 Kings Hwy Brooklyn, NY, 11229",40.60891465,-73.95712087289849,67.06064618644068,8699.627263957378
45 Wooster St,"New York, NY, 10013"," 6,700 ","New York, ",10013, 0 ,2002,"45 Wooster St New York, NY, 10013",40.722591,-74.00259184615385,122.22905027932961,397.86924857850556
2 Bushwick Ave,"Brooklyn, NY, 11211"," 15,352 ","Brooklyn, ",11211, 0 ,2024,"2 Bushwick Ave Brooklyn, NY, 11211",40.714463,-73.94231738875393,88.97674418604652,1491.166561537358
218 Front St,"Brooklyn, NY, 11201","11,000 ","Brooklyn, ",11201, 0 ,2024,"218 Front St Brooklyn, NY, 11201",40.7022219,-73.9835799,133.02087503574492,1901.6309323294668
340 W 40th St,"New York, NY, 10018","4,500 ","New York, ",10018, 0 ,2008,"340 W 40th St New York, NY, 10018",40.756878,-73.9932298,123.03506097560975,997.5291878802324
1465 38th St,"Brooklyn, NY, 11218"," 103,000 ","Brooklyn, ",11218, 0 ,2026,"1465 38th St Brooklyn, NY, 11218",40.639049299999996,-73.98155338780848,70.50332929782083,5175.796049127173
1323 Broadway,"Brooklyn, NY, 11221","7,466 ","Brooklyn, ",11221, 0 ,1920,"1323 Broadway Brooklyn, NY, 11221",40.689819,-73.92245266666667,56.33072215422277,4269.267056141682
1011 Elton St,"Brooklyn, NY, 11208","4,500 ","Brooklyn, ",11208, 0 ,1931,"1011 Elton St Brooklyn, NY, 11208",40.65868841379311,-73.87554124137931,42.13641413019329,8442.385714578559
267 Kent Ave,"Brooklyn, NY, 11211"," 8,500 ","Brooklyn, ",11211, 0 ,1920,"267 Kent Ave Brooklyn, NY, 11211",40.7155958,-73.9662504,88.97674418604652,536.6754781335146
125 E 54th St,"New York, NY, 10022"," 4,400 ","New York, ",10022, 0 ,1977,"125 E 54th St New York, NY, 10022",40.7593749,-73.9711618,142.5141065830721,764.2263958157386
1153 Broadway,"New York, NY, 10001"," 5,800 ","New York, ",10001, 0 ,1930,"1153 Broadway New York, NY, 10001",40.744349299999996,-73.98919775247415,115.71375233354075,727.9952659514928
34 W 34th St,"New York, NY, 10001"," 6,000 ","New York, ",10001, 0 ,1978,"34 W 34th St New York, NY, 10001",40.749031200000005,-73.98669714290216,115.71375233354075,174.56473245915694
7812 Flatlands Ave,"Brooklyn, NY, 11236","11,077 ","Brooklyn, ",11236, 0 ,1999,"7812 Flatlands Ave Brooklyn, NY, 11236",40.63460410204081,-73.91451081632653,55.48652173913043,7815.897736047535
149 W 46th St,"New York, NY, 10036"," 15,600 ","New York, ",10036, 0 ,1920,"149 W 46th St New York, NY, 10036",40.7583719,-73.983971,104.8456755228943,693.0412172727054
299 N 7th St,"Brooklyn, NY, 11211"," 41,001 ","Brooklyn, ",11211, 0 ,2015,"299 N 7th St Brooklyn, NY, 11211",40.7150025,-73.95273600849765,88.97674418604652,609.1649933351104
3460 Nostrand Ave,"Brooklyn, NY, 11229"," 20,475 ","Brooklyn, ",11229, 0 ,2005,"3460 Nostrand Ave Brooklyn, NY, 11229",40.5996058,-73.94207252142031,67.06064618644068,10026.014296276642
77 Leonard St,"New York, NY, 10013","4,200 ","New York, ",10013, 0 ,1920,"77 Leonard St New York, NY, 10013",40.949199,-72.84437105,122.22905027932961,83383.6025955924
1 Flatbush Ave,"Brooklyn, NY, 11217"," 15,339 ","Brooklyn, ",11217, 0 ,2018,"1 Flatbush Ave Brooklyn, NY, 11217",40.6882763,-73.98016939053673,114.30954676952749,340.59070949873717
2235 59th St,"Brooklyn, NY, 11204","15,000 ","Brooklyn, ",11204, 0 ,2000,"2235 59th St Brooklyn, NY, 11204",40.6168628367347,-73.97697391836735,55.13926272674078,7632.614911669885
828 Metropolitan Ave,"Brooklyn, NY, 11211"," 9,700 ","Brooklyn, ",11211, 0 ,2025,"828 Metropolitan Ave Brooklyn, NY, 11211",40.714795882352945,-73.9414846764706,88.97674418604652,1558.6557816193786
49 W 38th St,"New York, NY, 10018"," 8,247 ","New York, ",10018, 0 ,1924,"49 W 38th St New York, NY, 10018",40.7520835,-73.98489867725127,123.03506097560975,211.65523177259075
199 Centre St,"New York, NY, 10013"," 10,000 ","New York, ",10013, 0 ,1915,"199 Centre St New York, NY, 10013",40.718879,-73.999389,122.22905027932961,684.3490318472236
177 2nd Ave,"Brooklyn, NY, 11215","6,300 ","Brooklyn, ",11215, 0 ,1959,"177 2nd Ave Brooklyn, NY, 11215",40.669587750000005,-73.99551775934276,119.79633587786259,2300.98027529569
440 Broadway,"New York, NY, 10013"," 9,000 ","New York, ",10013, 0 ,1910,"440 Broadway New York, NY, 10013",40.7200334,-74.00095964764975,122.22905027932961,576.4362535581628
10 Jay St,"Brooklyn, NY, 11201"," 20,832 ","Brooklyn, ",11201, 0 ,1897,"10 Jay St Brooklyn, NY, 11201",40.70462355,-73.9870601641565,133.02087503574492,2197.7226989130972
530 Canal St,"New York, NY, 10013"," 4,286 ","New York, ",10013, 0 ,1900,"530 Canal St New York, NY, 10013",40.725159250000004,-74.00981388636364,122.22905027932961,900.7540436786489
2276 12th Ave,"New York, NY, 10027","4,793 ","New York, ",10027, 0 ,1920,"2276 12th Ave New York, NY, 10027",40.8179411,-73.9609019,66.99653045489592,4960.549607156039
530 Fulton St,"Brooklyn, NY, 11201"," 9,497 ","Brooklyn, ",11201, 0 ,1915,"530 Fulton St Brooklyn, NY, 11201",40.6895914,-73.98245208571429,133.02087503574492,570.1654466819056
401 8th Ave,"New York, NY, 10001","5,000 ","New York, ",10001, 0 ,2023,"401 8th Ave New York, NY, 10001",40.7496482,-73.9955415,115.71375233354075,865.2558798888538
85 Nassau St,"New York, NY, 10038"," 12,500 ","New York, ",10038, 0 ,1910,"85 Nassau St New York, NY, 10038",40.710048,-74.0080338,106.70618120237087,331.4696129527459
600 6th Ave,"New York, NY, 10011","8,000 ","New York, ",10011, 0 ,1961,"600 6th Ave New York, NY, 10011",40.7394173,-73.9951134,136.63649222065064,895.5006017726049
400 W 55th St,"New York, NY, 10019","7,007 ","New York, ",10019, 0 ,2003,"400 W 55th St New York, NY, 10019",40.76665385,-73.98738033634767,119.98522167487685,1015.3440781878844
500 Broadway,"New York, NY, 10012","4,000 ","New York, ",10012, 0 ,1900,"500 Broadway New York, NY, 10012",40.7220396,-73.99926791476827,124.96935201401051,333.22004789776196
711 Seventh Ave,"New York, NY, 10036","12,000 ","New York, ",10036, 0 ,1925,"711 Seventh Ave New York, NY, 10036",40.950676,-72.7899464,104.8456755228943,87957.82541983806
129 Lafayette St,"New York, NY, 10013"," 5,182 ","New York, ",10013, 0 ,1915,"129 Lafayette St New York, NY, 10013",40.71891385,-73.99979419120828,122.22905027932961,682.3414613628428
2094 Linden Blvd,"Brooklyn, NY, 11207"," 5,250 ","Brooklyn, ",11207, 0 ,1961,"2094 Linden Blvd Brooklyn, NY, 11207",40.660740469387754,-73.8849243877551,44.80173423951254,8297.847634161066
262 9th St,"Brooklyn, NY, 11215"," 5,800 ","Brooklyn, ",11215, 0 ,2021,"262 9th St Brooklyn, NY, 11215",40.670054,-73.98860462823598,119.79633587786259,1935.453791043181
1014 Broadway,"Brooklyn, NY, 11221"," 7,500 ","Brooklyn, ",11221, 0 ,2021,"1014 Broadway Brooklyn, NY, 11221",40.69556063636364,-73.93289713636364,56.33072215422277,3189.1831882829238
603 Union St,"Brooklyn, NY, 11215"," 22,699 ","Brooklyn, ",11215, 0 ,1950,"603 Union St Brooklyn, NY, 11215",40.678331892857145,-73.98516003571429,119.79633587786259,996.5221611665378
204 25th St,"Brooklyn, NY, 11232","14,000 ","Brooklyn, ",11232, 0 ,1955,"204 25th St Brooklyn, NY, 11232",40.659989350000004,-73.99776098779057,56.09546925566343,3287.771091927147
60 Ninth Ave,"New York, NY, 10011"," 6,800 ","New York, ",10011, 0 ,1910,"60 Ninth Ave New York, NY, 10011",42.708560375,-73.71527045833334,136.63649222065064,205070.79603020032
115 Page Ave,"Staten Island, NY, 10309"," 10,100 ","Staten Island, ",10309, 0 ,1990,"115 Page Ave Staten Island, NY, 10309",40.52140205,-74.23464940633262,92.06816760475297,28332.034387844626
16 Northern Blvd,"Queens, NY, 11361","4,841 ","Queens, ",11361, 0 ,2025,"16 Northern Blvd Queens, NY, 11361",40.757343649999996,-73.78115920270537,74.0605006954103,7917.989801837511
1546 McDonald Ave,"Brooklyn, NY, 11230","13,000 ","Brooklyn, ",11230, 0 ,1974,"1546 McDonald Ave Brooklyn, NY, 11230",40.6152792244898,-73.97433789795919,66.57185710389965,7814.658699412299
1559 Flatbush Ave,"Brooklyn, NY, 11210","11,000 ","Brooklyn, ",11210, 0 ,1900,"1559 Flatbush Ave Brooklyn, NY, 11210",40.63276894736842,-73.94744315789474,65.26455210874869,6417.306012981359
604 Pacific St,"Brooklyn, NY, 11217","6,235 ","Brooklyn, ",11217, 0 ,1930,"604 Pacific St Brooklyn, NY, 11217",40.682753,-73.97717114674708,114.30954676952749,327.36094659867206
2555 Ocean Ave,"Brooklyn, NY, 11229","8,000 ","Brooklyn, ",11229, 0 ,1930,"2555 Ocean Ave Brooklyn, NY, 11229",40.5991824,-73.9511732,67.06064618644068,9864.339707883895
16 Powers St,"Brooklyn, NY, 11211"," 5,000 ","Brooklyn, ",11211, 0 ,1920,"16 Powers St Brooklyn, NY, 11211",40.7115484,-73.95063450577486,88.97674418604652,904.2378394727936
3 Howard St,"New York, NY, 10013"," 7,500 ","New York, ",10013, 0 ,1915,"3 Howard St New York, NY, 10013",40.718875749999995,-73.99963365468261,122.22905027932961,685.6226011302703
195 Eighth Ave,"New York, NY, 10011"," 9,667 ","New York, ",10011, 0 ,2003,"195 Eighth Ave New York, NY, 10011",42.709286660000004,-73.7142956,136.63649222065064,205155.0966133784
219 9th Ave,"New York, NY, 10011"," 5,946 ","New York, ",10011, 0 ,1932,"219 9th Ave New York, NY, 10011",40.74610775,-74.001482725,136.63649222065064,641.4053504486297
523 Sutter Ave,"Brooklyn, NY, 11207","4,000 ","Brooklyn, ",11207, 0 ,2008,"523 Sutter Ave Brooklyn, NY, 11207",40.668804,-73.89961436363637,44.80173423951254,6902.659135322491
897 Flatbush Ave,"Brooklyn, NY, 11226"," 12,050 ","Brooklyn, ",11226, 0 ,1930,"897 Flatbush Ave Brooklyn, NY, 11226",40.650001700000004,-73.958246258125,54.04270186335404,4297.898476901301
611 Broadway,"New York, NY, 10012"," 40,217 ","New York, ",10012, 0 ,1894,"611 Broadway New York, NY, 10012",40.7258985,-73.9969815,124.96935201401051,206.8142039349388
90 Hudson St,"New York, NY, 10013"," 8,150 ","New York, ",10013, 0 ,1881,"90 Hudson St New York, NY, 10013",40.7188506,-74.0086008,122.22905027932961,844.4732803710083
51 W 19th St,"New York, NY, 10011"," 6,600 ","New York, ",10011, 0 ,1910,"51 W 19th St New York, NY, 10011",40.7402483,-73.99364778281722,136.63649222065064,1002.9010665604711
5630 Flatlands Ave,"Brooklyn, NY, 11234"," 13,000 ","Brooklyn, ",11234, 0 ,1961,"5630 Flatlands Ave Brooklyn, NY, 11234",40.629880551020406,-73.92181751020408,73.0263720598717,7812.022509931281
2005 3rd Ave,"New York, NY, 10029"," 39,450 ","New York, ",10029, 0 ,2025,"2005 3rd Ave New York, NY, 10029",40.794275909090906,-73.94257645454546,51.63545933294324,2969.9194712792223
459 Broome St,"New York, NY, 10013"," 5,000 ","New York, ",10013, 0 ,1900,"459 Broome St New York, NY, 10013",40.7222848,-74.0011015,122.22905027932961,347.33045783859353
43 Murray St,"New York, NY, 10007"," 6,900 ","New York, ",10007, 0 ,1915,"43 Murray St New York, NY, 10007",40.71415745,-74.00909917541986,163.36020151133502,349.26296167097775
190 4th Ave,"Brooklyn, NY, 11217"," 5,000 ","Brooklyn, ",11217, 0 ,1931,"190 4th Ave Brooklyn, NY, 11217",40.67855385,-73.9826678753673,114.30954676952749,866.8022887239167
1155 6th Ave,"New York, NY, 10036"," 8,276 ","New York, ",10036, 0 ,1984,"1155 6th Ave New York, NY, 10036",40.7564611,-73.9831996,104.8456755228943,525.4173573808538
407 W 207th St,"New York, NY, 10034"," 30,067 ","New York, ",10034, 0 ,2026,"407 W 207th St New York, NY, 10034",40.86386210204081,-73.91725159183673,53.50926416093171,7551.7851701543495
428 W Broadway,"New York, NY, 10012"," 4,650 ","New York, ",10012, 0 ,1900,"428 W Broadway New York, NY, 10012",40.72526333333334,-74.00145877777777,124.96935201401051,196.37036272039526
1623 Oriental Blvd,"Brooklyn, NY, 11235"," 4,000 ","Brooklyn, ",11235, 0 ,1948,"1623 Oriental Blvd Brooklyn, NY, 11235",40.5785818,-73.9380957,64.00269740068661,12358.350625694065
245 Fifth Ave,"New York, NY, 10016"," 16,129 ","New York, ",10016, 0 ,1927,"245 Fifth Ave New York, NY, 10016",41.10247065,-72.36639546272585,121.98438008460788,125790.55154589612
524 Vandalia Ave,"Brooklyn, NY, 11239","5,163 ","Brooklyn, ",11239, 0 ,2012,"524 Vandalia Ave Brooklyn, NY, 11239",40.65565,-73.873236,48.286764705882355,8771.081960243111
1587 Third Ave,"New York, NY, 10128"," 14,400 ","New York, ",10128, 0 ,1915,"1587 Third Ave New York, NY, 10128",42.72771605877891,-73.70320208585983,126.91208439897699,207244.1349896442
150 Thompson St,"New York, NY, 10012"," 8,500 ","New York, ",10012, 0 ,1900,"150 Thompson St New York, NY, 10012",40.7269177,-74.0008129,124.96935201401051,251.36772277755816
1525 3rd Ave,"New York, NY, 10028"," 12,725 ","New York, ",10028, 0 ,2009,"1525 3rd Ave New York, NY, 10028",40.779018125,-73.9539639375,133.73430353430354,1088.9527510426872
152 Manhattan Ave,"Brooklyn, NY, 11206"," 4,900 ","Brooklyn, ",11206, 0 ,2017,"152 Manhattan Ave Brooklyn, NY, 11206",40.7080718,-73.9449079,54.42232237539767,1519.2046312609011
619 W 46th St,"New York, NY, 10036","4,650 ","New York, ",10036, 0 ,1940,"619 W 46th St New York, NY, 10036",40.76398435,-73.99735415206882,104.8456755228943,1746.9108565784131
19 Beach Channel Dr,"Queens, NY, 11691"," 14,138 ","Queens, ",11691, 0 ,2025,"19 Beach Channel Dr Queens, NY, 11691",40.600086950000005,-73.76260384312377,49.7833904109589,17481.297620988014
220 E 42nd St,"New York, NY, 10017"," 9,217 ","New York, ",10017, 0 ,1928,"220 E 42nd St New York, NY, 10017",40.7501297,-73.9733465,133.82326820603907,600.2624298350989
529 5th Ave,"New York, NY, 10017"," 41,899 ","New York, ",10017, 0 ,1958,"529 5th Ave New York, NY, 10017",40.754433,-73.97967518605721,133.82326820603907,180.3358633956594
19 Wythe Ave,"Brooklyn, NY, 11211"," 5,400 ","Brooklyn, ",11211, 0 ,1931,"19 Wythe Ave Brooklyn, NY, 11211",40.71320428571428,-73.96569371428572,88.97674418604652,558.5120088051392
231 9th Ave,"New York, NY, 10001"," 4,050 ","New York, ",10001, 0 ,1910,"231 9th Ave New York, NY, 10001",40.747388,-74.0008984,115.71375233354075,789.040867191606
489 Broome St,"New York, NY, 10013"," 10,000 ","New York, ",10013, 0 ,1987,"489 Broome St New York, NY, 10013",40.72295715,-74.00272024856534,122.22905027932961,379.82452227862717
789 Broadway,"Brooklyn, NY, 11206","10,000 ","Brooklyn, ",11206, 0 ,1989,"789 Broadway Brooklyn, NY, 11206",40.700189249999994,-73.94036386240322,54.42232237539767,2379.696769202722
1022 Lexington Ave,"New York, NY, 10021"," 4,500 ","New York, ",10021, 0 ,1980,"1022 Lexington Ave New York, NY, 10021",40.771038,-73.961883,142.21980018165306,338.86537241291876
227 Mulberry St,"New York, NY, 10012","5,500 ","New York, ",10012, 0 ,1950,"227 Mulberry St New York, NY, 10012",40.7225891,-73.99629160369663,124.96935201401051,363.9572843895631
210 Flushing Ave,"Brooklyn, NY, 11205"," 7,600 ","Brooklyn, ",11205, 0 ,1930,"210 Flushing Ave Brooklyn, NY, 11205",40.6975988,-73.96744,78.3301282051282,1615.5100246336365
295 Madison Ave,"New York, NY, 10017"," 16,545 ","New York, ",10017, 0 ,1929,"295 Madison Ave New York, NY, 10017",40.7517813,-73.97933661104537,133.82326820603907,337.19698684979835
237 McGuinness Blvd,"Brooklyn, NY, 11222"," 6,210 ","Brooklyn, ",11222, 0 ,2025,"237 McGuinness Blvd Brooklyn, NY, 11222",40.72999096583135,-73.95144130883918,96.09931212381771,1748.1617141852114
209 N 11th St,"Brooklyn, NY, 11211"," 12,256 ","Brooklyn, ",11211, 0 ,1950,"209 N 11th St Brooklyn, NY, 11211",40.719053200000005,-73.95330305,88.97674418604652,675.0049685319876
34 Union Sq E,"New York, NY, 10003","12,200 ","New York, ",10003, 0 ,1953,"34 Union Sq E New York, NY, 10003",40.7358007,-73.9893344,128.99104143337067,1454.7193131289432
29 West St,"Brooklyn, NY, 11222"," 5,100 ","Brooklyn, ",11222, 0 ,2021,"29 West St Brooklyn, NY, 11222",40.727138714285715,-73.95892757142857,96.09931212381771,1281.3455393573645
150 W 34th St,"New York, NY, 10001"," 77,760 ","New York, ",10001, 0 ,1900,"150 W 34th St New York, NY, 10001",40.7505275,-73.9898925,115.71375233354075,387.6286194573312
358 Grove St,"Brooklyn, NY, 11237"," 7,200 ","Brooklyn, ",11237, 0 ,2007,"358 Grove St Brooklyn, NY, 11237",40.69991927027027,-73.91403737837838,51.53839590443686,4249.873384329022
167 Eldridge St,"New York, NY, 10002"," 16,718 ","New York, ",10002, 0 ,2004,"167 Eldridge St New York, NY, 10002",40.720059,-73.9911183,64.70105421686748,875.5929935920686
1442 Rockaway Pky,"Brooklyn, NY, 11236","6,000 ","Brooklyn, ",11236, 0 ,1931,"1442 Rockaway Pky Brooklyn, NY, 11236",40.645644142857144,-73.90302171428571,55.48652173913043,7753.483177146483
5018 4th Ave,"Brooklyn, NY, 11220","20,000 ","Brooklyn, ",11220, 0 ,1931,"5018 4th Ave Brooklyn, NY, 11220",40.64635695918368,-74.0128321632653,39.7970465732677,5248.1403593425775
577 9th Ave,"New York, NY, 10036"," 8,000 ","New York, ",10036, 0 ,2018,"577 9th Ave New York, NY, 10036",40.7582684,-73.9929915,104.8456755228943,1105.106587954745
390 5th Ave,"New York, NY, 10018"," 27,830 ","New York, ",10018, 0 ,1903,"390 5th Ave New York, NY, 10018",40.7498065,-73.9840785,123.03506097560975,113.9729556320927
236 W 125th St,"New York, NY, 10027"," 19,114 ","New York, ",10027, 0 ,1922,"236 W 125th St New York, NY, 10027",40.809347,-73.9496298,66.99653045489592,4189.177980402721
30 E 60th St,"New York, NY, 10022"," 42,619 ","New York, ",10022, 0 ,1917,"30 E 60th St New York, NY, 10022",40.763676149999995,-73.970325863131,142.5141065830721,1182.224301412643
847 Atlantic Ave,"Brooklyn, NY, 11238"," 4,980 ","Brooklyn, ",11238, 0 ,2022,"847 Atlantic Ave Brooklyn, NY, 11238",40.68135983333333,-73.96599851190476,100.10738255033557,1135.4223599336503
2033 5th Ave,"New York, NY, 10035"," 29,324 ","New York, ",10035, 0 ,2024,"2033 5th Ave New York, NY, 10035",40.80684327777778,-73.9420745,54.232118758434545,4172.616291759764
268 W 125th St,"New York, NY, 10027","5,000 ","New York, ",10027, 0 ,1950,"268 W 125th St New York, NY, 10027",40.809692850000005,-73.95079681818088,66.99653045489592,4197.6480701087985
1515 Surf Ave,"Brooklyn, NY, 11224"," 10,602 ","Brooklyn, ",11224, 0 ,2024,"1515 Surf Ave Brooklyn, NY, 11224",40.57541216451715,-73.98261283748813,52.71917808219178,12240.441477979215
1674 Broadway,"New York, NY, 10019"," 5,228 ","New York, ",10019, 0 ,1921,"1674 Broadway New York, NY, 10019",40.76279,-73.9829442,119.98522167487685,1028.0998642460263
420 Carroll St,"Brooklyn, NY, 11215","11,757 ","Brooklyn, ",11215, 0 ,2025,"420 Carroll St Brooklyn, NY, 11215",40.67755161904762,-73.98776295238095,119.79633587786259,1202.7495021724949
1768 Cropsey Ave,"Brooklyn, NY, 11214","6,900 ","Brooklyn, ",11214, 0 ,1931,"1768 Cropsey Ave Brooklyn, NY, 11214",40.602973931818184,-74.00789595454546,53.93504639543183,9511.250618409013
131 Greene St,"New York, NY, 10012"," 5,442 ","New York, ",10012, 0 ,1920,"131 Greene St New York, NY, 10012",40.7256642,-73.9989626,124.96935201401051,71.27048337992497
112 Montague St,"Brooklyn, NY, 11201"," 4,750 ","Brooklyn, ",11201, 0 ,1950,"112 Montague St Brooklyn, NY, 11201",40.6947934,-73.99501385674182,133.02087503574492,1748.7692353229797
733 Third Ave,"New York, NY, 10017","4,006 ","New York, ",10017, 0 ,1961,"733 Third Ave New York, NY, 10017",42.71483163265306,-73.70605210204081,133.82326820603907,205802.91812190932
50 Old Fulton St,"Brooklyn, NY, 11201"," 6,900 ","Brooklyn, ",11201, 0 ,1940,"50 Old Fulton St Brooklyn, NY, 11201",40.7021211,-73.9931023,133.02087503574492,1869.133440332458
401 W 207th St,"New York, NY, 10034"," 35,500 ","New York, ",10034, 0 ,2024,"401 W 207th St New York, NY, 10034",40.863822,-73.917154,53.50926416093171,7543.579488853377
1 Maspeth Ave,"Brooklyn, NY, 11211"," 12,583 ","Brooklyn, ",11211, 0 ,2020,"1 Maspeth Ave Brooklyn, NY, 11211",40.7149953,-73.942585,88.97674418604652,1464.6303207554972
28 Herbert St,"Brooklyn, NY, 11222","4,465 ","Brooklyn, ",11222, 0 ,2024,"28 Herbert St Brooklyn, NY, 11222",40.7194159,-73.9440107,96.09931212381771,1406.953700207624
271 Madison Ave,"New York, NY, 10016"," 10,460 ","New York, ",10016, 0 ,1927,"271 Madison Ave New York, NY, 10016",40.7511803,-73.9802959,121.98438008460788,435.30185847238783
101 Lincoln Ave,"Bronx, NY, 10454"," 11,970 ","Bronx, ",10454, 0 ,2023,"101 Lincoln Ave Bronx, NY, 10454",40.807710900000004,-73.9301910013616,37.8116395494368,4789.406540649128
252 E 84TH St,"New York, NY, 10028"," 11,396 ","New York, ",10028, 0 ,1915,"252 E 84TH St New York, NY, 10028",40.7765944,-73.9530343,133.73430353430354,1032.2126235429153
427 Broome St,"New York, NY, 10013"," 10,100 ","New York, ",10013, 0 ,1874,"427 Broome St New York, NY, 10013",40.721289,-73.998943,122.22905027932961,416.81060256702114
21 Greene St,"New York, NY, 10013"," 5,300 ","New York, ",10013, 0 ,1888,"21 Greene St New York, NY, 10013",40.7211238,-74.0027515,122.22905027932961,530.5201868362907
295 5th Ave,"New York, NY, 10016"," 21,093 ","New York, ",10016, 0 ,1920,"295 5th Ave New York, NY, 10016",40.7460385,-73.9860891,121.98438008460788,467.1915816843805
1856 Park Ave,"New York, NY, 10035"," 21,800 ","New York, ",10035, 0 ,2023,"1856 Park Ave New York, NY, 10035",40.80623977777778,-73.93829600000001,54.232118758434545,4269.128282139806
1450 Rockaway Pky,"Brooklyn, NY, 11236","8,400 ","Brooklyn, ",11236, 0 ,1982,"1450 Rockaway Pky Brooklyn, NY, 11236",40.64557712244898,-73.90294718367348,55.48652173913043,7762.913001410056
3161 Amboy Rd,"Staten Island, NY, 10306"," 18,363 ","Staten Island, ",10306, 0 ,1964,"3161 Amboy Rd Staten Island, NY, 10306",40.5638151,-74.13257,78.23076923076923,18798.949683031413
500 Broadway,"New York, NY, 10012"," 8,200 ","New York, ",10012, 0 ,1900,"500 Broadway New York, NY, 10012",40.7220396,-73.99926791476827,124.96935201401051,333.22004789776196
515 9th Ave,"New York, NY, 10018","4,000 ","New York, ",10018, 0 ,2014,"515 9th Ave New York, NY, 10018",40.7565827,-73.9944985,123.03506097560975,1049.814377627906
35 Commercial St,"Brooklyn, NY, 11222","4,377 ","Brooklyn, ",11222, 0 ,2023,"35 Commercial St Brooklyn, NY, 11222",40.7369123,-73.95843894365672,96.09931212381771,2367.2743466032093
718 Broadway,"New York, NY, 10003"," 12,500 ","New York, ",10003, 0 ,1908,"718 Broadway New York, NY, 10003",40.72897155,-73.99337629714833,128.99104143337067,654.9002445266149
108 Downing St,"Brooklyn, NY, 11238"," 6,025 ","Brooklyn, ",11238, 0 ,2022,"108 Downing St Brooklyn, NY, 11238",40.682635673469385,-73.96079571428571,100.10738255033557,1509.6011988599528
610 Columbus Ave,"New York, NY, 10024"," 4,600 ","New York, ",10024, 0 ,1986,"610 Columbus Ave New York, NY, 10024",40.7889288,-73.9706329,135.7425605536332,1805.4018995028778
5901 Flatlands Ave,"Brooklyn, NY, 11234"," 17,078 ","Brooklyn, ",11234, 0 ,2019,"5901 Flatlands Ave Brooklyn, NY, 11234",40.631614,-73.919492,73.0263720598717,7784.440245314169
214 W 29th St,"New York, NY, 10001"," 9,331 ","New York, ",10001, 0 ,1929,"214 W 29th St New York, NY, 10001",40.7481402,-73.9938579,115.71375233354075,756.4550979119948
2246 3rd Ave,"New York, NY, 10035"," 17,500 ","New York, ",10035, 0 ,1928,"2246 3rd Ave New York, NY, 10035",40.8019416,-73.9373235,54.232118758434545,3916.276109317452
130 W 46th St,"New York, NY, 10036"," 6,893 ","New York, ",10036, 0 ,1912,"130 W 46th St New York, NY, 10036",40.75778325,-73.98377644146242,104.8456755228943,640.8605450198768
42 W 125th St,"New York, NY, 10027"," 4,500 ","New York, ",10027, 0 ,2012,"42 W 125th St New York, NY, 10027",40.806919416666666,-73.94367991666667,66.99653045489592,4120.5859521374305
470 Flushing Ave,"Brooklyn, NY, 11205"," 13,800 ","Brooklyn, ",11205, 0 ,1931,"470 Flushing Ave Brooklyn, NY, 11205",40.69890465,-73.95566915593513,78.3301282051282,1890.728273623108
451 West St,"New York, NY, 10014"," 32,943 ","New York, ",10014, 0 ,1926,"451 West St New York, NY, 10014",40.7367068,-74.0096799,141.12771890686003,612.0779036466358
1679 Pitkin Ave,"Brooklyn, NY, 11212","9,000 ","Brooklyn, ",11212, 0 ,1930,"1679 Pitkin Ave Brooklyn, NY, 11212",40.6698009,-73.91131085,41.45540032240731,5922.763471534549
713 Madison Ave,"New York, NY, 10065"," 8,943 ","New York, ",10065, 0 ,1900,"713 Madison Ave New York, NY, 10065",40.76611965,-73.96919684625507,137.905672823219,896.2112992370623
100 Park Ave,"New York, NY, 10017"," 11,112 ","New York, ",10017, 0 ,1949,"100 Park Ave New York, NY, 10017",40.751338450000006,-73.97900047190298,133.82326820603907,371.40489090567377
150 Broadway,"New York, NY, 10038"," 24,800 ","New York, ",10038, 0 ,1924,"150 Broadway New York, NY, 10038",40.70920665,-74.01004770783898,106.70618120237087,285.3822705077719
545 Broadway,"Brooklyn, NY, 11206"," 37,805 ","Brooklyn, ",11206, 0 ,1931,"545 Broadway Brooklyn, NY, 11206",40.7049964,-73.949155,54.42232237539767,1488.9721408956375
15 N 15th St,"Brooklyn, NY, 11222","8,631 ","Brooklyn, ",11222, 0 ,1950,"15 N 15th St Brooklyn, NY, 11222",40.7247568,-73.9567797,96.09931212381771,1047.8893871189384
3063 Cropsey Ave,"Brooklyn, NY, 11224"," 6,400 ","Brooklyn, ",11224, 0 ,2008,"3063 Cropsey Ave Brooklyn, NY, 11224",40.58009193939394,-73.9853966969697,52.71917808219178,11730.839453065108
601 Eighth Ave,"New York, NY, 10018","8,100 ","New York, ",10018, 0 ,1935,"601 Eighth Ave New York, NY, 10018",42.7143168,-73.71184280966837,123.03506097560975,205722.71398359086
412 Broadway,"New York, NY, 10013"," 18,000 ","New York, ",10013, 0 ,1920,"412 Broadway New York, NY, 10013",40.7190273,-74.0020158,122.22905027932961,710.0497225837679
157 Franklin St,"New York, NY, 10013"," 8,500 ","New York, ",10013, 0 ,1882,"157 Franklin St New York, NY, 10013",40.73180375,-73.95812723068943,122.22905027932961,1802.9848714670723
288 Fifth Ave,"New York, NY, 10001","4,000 ","New York, ",10001, 0 ,1910,"288 Fifth Ave New York, NY, 10001",41.10247244826962,-72.36606524839962,115.71375233354075,125817.75859381142
999 3rd Ave,"New York, NY, 10022"," 17,530 ","New York, ",10022, 0 ,2004,"999 3rd Ave New York, NY, 10022",40.6538738,-74.007695,142.5141065830721,4314.200031018496
1 Willoughby Sq,"Brooklyn, NY, 11201"," 13,000 ","Brooklyn, ",11201, 0 ,2021,"1 Willoughby Sq Brooklyn, NY, 11201",40.6972833,-73.931537,133.02087503574492,3145.2669605492833
645 W 57th St,"New York, NY, 10019","6,864 ","New York, ",10019, 0 ,2016,"645 W 57th St New York, NY, 10019",40.7713086,-73.9932945,119.98522167487685,989.3669477125997
15 W 96th St,"New York, NY, 10025"," 14,419 ","New York, ",10025, 0 ,2024,"15 W 96th St New York, NY, 10025",40.792044499999996,-73.96536708333333,104.62573374031463,2076.7581181889004
485 Lexington Ave,"New York, NY, 10017"," 13,138 ","New York, ",10017, 0 ,1956,"485 Lexington Ave New York, NY, 10017",40.75409625,-73.97363014402868,133.82326820603907,333.20635220084574
1921 Atlantic Ave,"Brooklyn, NY, 11233"," 13,450 ","Brooklyn, ",11233, 0 ,2022,"1921 Atlantic Ave Brooklyn, NY, 11233",40.67689071428571,-73.92406057142857,53.553238546603474,4679.9357374179335
250 E 53rd St,"New York, NY, 10022"," 4,945 ","New York, ",10022, 0 ,2006,"250 E 53rd St New York, NY, 10022",40.7566828,-73.96761647584906,142.5141065830721,872.6440773988354
1504 Coney Island Ave,"Brooklyn, NY, 11230"," 90,203 ","Brooklyn, ",11230, 0 ,2024,"1504 Coney Island Ave Brooklyn, NY, 11230",40.620522199999996,-73.96467851360981,66.57185710389965,7315.809876633148
2700 Atlantic Ave,"Brooklyn, NY, 11207"," 30,000 ","Brooklyn, ",11207, 0 ,2024,"2700 Atlantic Ave Brooklyn, NY, 11207",40.67596,-73.893798,44.80173423951254,6814.692239816989
565 Broome St,"New York, NY, 10013"," 24,497 ","New York, ",10013, 0 ,2019,"565 Broome St New York, NY, 10013",40.72424851612903,-74.00535712903226,122.22905027932961,531.434970828599
25 Broad St,"New York, NY, 10004"," 13,475 ","New York, ",10004, 0 ,1900,"25 Broad St New York, NY, 10004",40.7058026,-74.01047569015998,152.06034482758622,643.7415685858341
667 Madison Ave,"New York, NY, 10065"," 4,219 ","New York, ",10065, 0 ,1987,"667 Madison Ave New York, NY, 10065",40.7645897,-73.9704618,137.905672823219,1096.0343873868273
455 Fifth Ave,"Brooklyn, NY, 11215"," 5,871 ","Brooklyn, ",11215, 0 ,1920,"455 Fifth Ave Brooklyn, NY, 11215",40.651623,-74.00175317725922,119.79633587786259,4264.303163973488
151 W 42nd St,"New York, NY, 10036"," 32,657 ","New York, ",10036, 0 ,1999,"151 W 42nd St New York, NY, 10036",40.75540359183673,-73.98522536734694,104.8456755228943,577.36258057553
627 11th Ave,"New York, NY, 10036","20,000 ","New York, ",10036, 0 ,1955,"627 11th Ave New York, NY, 10036",40.7637759,-73.9963845,104.8456755228943,1706.7246099349177
120 5th Ave,"Brooklyn, NY, 11217"," 26,400 ","Brooklyn, ",11217, 0 ,2024,"120 5th Ave Brooklyn, NY, 11217",40.6794197,-73.97895963298807,114.30954676952749,687.9164183258491
950 Kings Highway,"Brooklyn, NY, 11223"," 34,600 ","Brooklyn, ",11223, 0 ,1950,"950 Kings Highway Brooklyn, NY, 11223",40.60701356097561,-73.9626266097561,59.43048526347127,8824.811784864662
54 W 31st St,"New York, NY, 10001","9,100 ","New York, ",10001, 0 ,1910,"54 W 31st St New York, NY, 10001",40.7475728,-73.9888643316651,115.71375233354075,418.24199692217763
150 Greaves Ln,"Staten Island, NY, 10308"," 69,252 ","Staten Island, ",10308, 0 ,2001,"150 Greaves Ln Staten Island, NY, 10308",40.5541389,-74.1431695,86.46830985915493,20195.815689101943
179 Grand St,"New York, NY, 10013","6,300 ","New York, ",10013, 0 ,1920,"179 Grand St New York, NY, 10013",40.7194167,-73.9979338,122.22905027932961,632.7911463447282
188 9th Ave,"New York, NY, 10011"," 8,970 ","New York, ",10011, 0 ,1985,"188 9th Ave New York, NY, 10011",40.7455555,-74.0017516,136.63649222065064,577.4045262391077
40 W 22nd St,"New York, NY, 10010"," 6,630 ","New York, ",10010, 0 ,1909,"40 W 22nd St New York, NY, 10010",40.74158515,-73.99230303606134,130.9073262366938,1111.9343349928743
37 Union Sq W,"New York, NY, 10003","8,400 ","New York, ",10003, 0 ,1921,"37 Union Sq W New York, NY, 10003",40.737003200000004,-73.99084639075846,128.99104143337067,1318.6483859065522
519 Madison Ave,"New York, NY, 10022"," 8,092 ","New York, ",10022, 0 ,1948,"519 Madison Ave New York, NY, 10022",40.7598702,-73.97379062974935,142.5141065830721,675.8763334299484
60 E 9th St,"New York, NY, 10003"," 32,379 ","New York, ",10003, 0 ,1954,"60 E 9th St New York, NY, 10003",40.7313981,-73.9927297,128.99104143337067,890.5903394212793
452 Fulton St,"Brooklyn, NY, 11201"," 24,602 ","Brooklyn, ",11201, 0 ,1925,"452 Fulton St Brooklyn, NY, 11201",40.69040533333333,-73.98494783333334,133.02087503574492,780.2610615124378
773 Neptune Ave,"Brooklyn, NY, 11224"," 74,904 ","Brooklyn, ",11224, 0 ,2025,"773 Neptune Ave Brooklyn, NY, 11224",40.57993441414141,-73.97595815151514,52.71917808219178,11734.208300284348
6900 4th Ave,"Brooklyn, NY, 11209","8,800 ","Brooklyn, ",11209, 0 ,1920,"6900 4th Ave Brooklyn, NY, 11209",40.634523,-74.02367,79.89885998246127,6850.257245398881
589 5th Avenue,"New York, NY, 10017"," 64,044 ","New York, ",10017, 0 ,1954,"589 5th Avenue New York, NY, 10017",40.7570377,-73.9777794,133.82326820603907,283.2489873919384
1400 Broadway,"New York, NY, 10018"," 10,473 ","New York, ",10018, 0 ,1930,"1400 Broadway New York, NY, 10018",40.7529581,-73.98675531099062,123.03506097560975,328.8179524134215
325 Columbus Ave,"New York, NY, 10023"," 11,251 ","New York, ",10023, 0 ,1898,"325 Columbus Ave New York, NY, 10023",40.7793896,-73.9770726,139.6698766175143,673.5591650269573
11 E 36th St,"New York, NY, 10016","5,500 ","New York, ",10016, 0 ,1912,"11 E 36th St New York, NY, 10016",40.7494367,-73.9826415,121.98438008460788,241.93315264259647
2505 Broadway,"New York, NY, 10025"," 4,971 ","New York, ",10025, 0 ,2022,"2505 Broadway New York, NY, 10025",40.7941564375,-73.9722760625,104.62573374031463,2294.3005818609336
266 W 135th St,"New York, NY, 10030","10,000 ","New York, ",10030, 0 ,1930,"266 W 135th St New York, NY, 10030",40.8160772,-73.9459458,51.22160883280757,4995.889027868648
359 2nd Ave,"New York, NY, 10010"," 5,950 ","New York, ",10010, 0 ,2022,"359 2nd Ave New York, NY, 10010",40.736483050000004,-73.98228846634939,130.9073262366938,1545.195391933787
21 W 35th St,"New York, NY, 10001"," 6,000 ","New York, ",10001, 0 ,1925,"21 W 35th St New York, NY, 10001",40.7498053,-73.98513159843557,115.71375233354075,47.20971455931435
158 W 27th St,"New York, NY, 10001"," 18,887 ","New York, ",10001, 0 ,1913,"158 W 27th St New York, NY, 10001",40.74618015,-73.99332614685423,115.71375233354075,810.3701318889662
900 60th St,"Brooklyn, NY, 11219"," 10,000 ","Brooklyn, ",11219, 0 ,1964,"900 60th St Brooklyn, NY, 11219",40.6339138,-74.00721,47.51542491268918,6239.9518674773735
683 Barbey St,"Brooklyn, NY, 11207","10,914 ","Brooklyn, ",11207, 0 ,2009,"683 Barbey St Brooklyn, NY, 11207",40.66562814285714,-73.88558485714286,44.80173423951254,7771.071684943171
1550 Flatbush Ave,"Brooklyn, NY, 11210"," 12,500 ","Brooklyn, ",11210, 0 ,1948,"1550 Flatbush Ave Brooklyn, NY, 11210",40.63299705,-73.94829109903728,65.26455210874869,6365.302635326604
149 CHURCH St,"New York, NY, 10007"," 7,078 ","New York, ",10007, 0 ,2020,"149 CHURCH St New York, NY, 10007",40.7145782,-74.0080127,163.36020151133502,442.2778260914369
220 E 23rd St,"New York, NY, 10010"," 5,523 ","New York, ",10010, 0 ,1931,"220 E 23rd St New York, NY, 10010",40.7382609,-73.9821989,130.9073262366938,1352.3518899167611
825 3rd Ave,"New York, NY, 10022"," 8,149 ","New York, ",10022, 0 ,1969,"825 3rd Ave New York, NY, 10022",40.7558726,-73.9704163,142.5141065830721,620.8503817559294
220 36th St,"Brooklyn, NY, 11232"," 125,329 ","Brooklyn, ",11232, 0 ,1906,"220 36th St Brooklyn, NY, 11232",40.6566266,-74.0084324,56.09546925566343,4106.92766229433
510 W 181st St,"New York, NY, 10033"," 30,000 ","New York, ",10033, 0 ,1922,"510 W 181st St New York, NY, 10033",40.8483567,-73.9317784,55.527279968140185,8774.477578023698
209 Havemeyer St,"Brooklyn, NY, 11211"," 45,682 ","Brooklyn, ",11211, 0 ,2020,"209 Havemeyer St Brooklyn, NY, 11211",40.70964755,-73.95849290415352,88.97674418604652,674.2045986139182
572 11th Ave,"New York, NY, 10036"," 10,570 ","New York, ",10036, 0 ,2018,"572 11th Ave New York, NY, 10036",40.7617175,-73.9974331,104.8456755228943,1637.185811261244
130 William St,"New York, NY, 10038"," 17,615 ","New York, ",10038, 0 ,2020,"130 William St New York, NY, 10038",40.709094300000004,-74.00626756944155,106.70618120237087,514.0236703262485
911 Erskine St,"Brooklyn, NY, 11239"," 7,000 ","Brooklyn, ",11239, 0 ,2020,"911 Erskine St Brooklyn, NY, 11239",40.6535484,-73.8669567,48.286764705882355,9003.926934072919
1586 Pitkin Ave,"Brooklyn, NY, 11212","5,000 ","Brooklyn, ",11212, 0 ,1950,"1586 Pitkin Ave Brooklyn, NY, 11212",40.66900023076923,-73.91478615384615,41.45540032240731,5671.073184320093
155 W 66th St,"New York, NY, 10023"," 4,366 ","New York, ",10023, 0 ,1963,"155 W 66th St New York, NY, 10023",40.774525999999994,-73.98313909314717,139.6698766175143,71.93727330392738
54 Crosby St,"New York, NY, 10012"," 8,000 ","New York, ",10012, 0 ,1900,"54 Crosby St New York, NY, 10012",40.7221554,-73.99868638912059,124.96935201401051,322.63919204700125
1535 Second Ave,"New York, NY, 10075","10,867 ","New York, ",10075, 0 ,1957,"1535 Second Ave New York, NY, 10075",42.726778726761786,-73.70233763127999,136.81379821958458,207143.74287266083
229 W 28th St,"New York, NY, 10001"," 76,716 ","New York, ",10001, 0 ,1917,"229 W 28th St New York, NY, 10001",40.7480514,-73.9947655069492,115.71375233354075,832.6040570228246
150 W 22nd St,"New York, NY, 10011","13,800 ","New York, ",10011, 0 ,1910,"150 W 22nd St New York, NY, 10011",40.742881100000005,-73.9953892604707,136.63649222065064,870.9532324862955
2319 3rd Ave,"New York, NY, 10035"," 9,342 ","New York, ",10035, 0 ,2022,"2319 3rd Ave New York, NY, 10035",40.804083,-73.93541246153846,54.232118758434545,4203.482125036907
160 Front St,"Brooklyn, NY, 11201"," 25,033 ","Brooklyn, ",11201, 0 ,2022,"160 Front St Brooklyn, NY, 11201",40.702414265306125,-73.98880025510203,133.02087503574492,2071.124264383119
131 Eighth Ave,"New York, NY, 10011"," 16,015 ","New York, ",10011, 0 ,2008,"131 Eighth Ave New York, NY, 10011",42.7090057,-73.71443000000001,136.63649222065064,205123.40660777956
148 E 40th St,"New York, NY, 10016","4,200 ","New York, ",10016, 0 ,1920,"148 E 40th St New York, NY, 10016",40.749554450000005,-73.97622453362516,121.98438008460788,559.6317538738148
150 Columbus Ave,"New York, NY, 10023"," 35,525 ","New York, ",10023, 0 ,1995,"150 Columbus Ave New York, NY, 10023",40.7738132,-73.9816316,139.6698766175143,164.3849157860076
755 Broadway,"New York, NY, 10003"," 39,511 ","New York, ",10003, 0 ,1965,"755 Broadway New York, NY, 10003",40.70066065,-73.94131112226533,128.99104143337067,2286.557952673334
527 W 27th St,"New York, NY, 10001"," 9,329 ","New York, ",10001, 0 ,2020,"527 W 27th St New York, NY, 10001",40.7508538,-74.0036078,115.71375233354075,1084.892510109664
19 W 55th St,"New York, NY, 10019"," 55,500 ","New York, ",10019, 0 ,1900,"19 W 55th St New York, NY, 10019",40.7622952,-73.97592252965097,119.98522167487685,877.0903461344917
200 Park Ave S,"New York, NY, 10003"," 16,600 ","New York, ",10003, 0 ,1903,"200 Park Ave S New York, NY, 10003",40.7369146,-73.98920876549667,128.99104143337067,1452.1104735795332
1 Union Sq W,"New York, NY, 10003"," 22,152 ","New York, ",10003, 0 ,1890,"1 Union Sq W New York, NY, 10003",40.7366941,-73.9900361,128.99104143337067,1394.8207137892016
446 Coney Island Ave,"Brooklyn, NY, 11218","12,000 ","Brooklyn, ",11218, 0 ,1931,"446 Coney Island Ave Brooklyn, NY, 11218",40.64679895,-73.97134259819359,70.50332929782083,4346.723748658458
435 Seventh Ave,"New York, NY, 10001"," 42,595 ","New York, ",10001, 0 ,2002,"435 Seventh Ave New York, NY, 10001",42.712378,-73.71175586583925,115.71375233354075,205507.9200070036
77 Greenwich St,"New York, NY, 10006"," 5,983 ","New York, ",10006, 0 ,2021,"77 Greenwich St New York, NY, 10006",40.70739505,-74.01355077977927,143.26271186440678,495.7935281305939
192 Kings Hwy,"Brooklyn, NY, 11223"," 10,300 ","Brooklyn, ",11223, 0 ,1931,"192 Kings Hwy Brooklyn, NY, 11223",40.60585058,-73.98523486,59.43048526347127,8874.570438205403
1263 Broadway,"New York, NY, 10001"," 4,000 ","New York, ",10001, 0 ,1910,"1263 Broadway New York, NY, 10001",40.747936,-73.9883877,115.71375233354075,361.26354681002056
199 Seventh Ave,"New York, NY, 10011"," 10,800 ","New York, ",10011, 0 ,1900,"199 Seventh Ave New York, NY, 10011",42.709032,-73.713248,136.63649222065064,205130.8565168218
122 W 3rd St ,"New York, NY, 10012"," 48,500 ","New York, ",10012, 0 ,1890,"122 W 3rd St  New York, NY, 10012",40.7304709,-74.0007447,124.96935201401051,618.0076240349671
522 Atlantic Ave,"Brooklyn, NY, 11217"," 4,201 ","Brooklyn, ",11217, 0 ,2016,"522 Atlantic Ave Brooklyn, NY, 11217",40.685194,-73.980607,114.30954676952749,205.94884224470246
60 Bay St,"Staten Island, NY, 10301"," 20,627 ","Staten Island, ",10301, 0 ,1969,"60 Bay St Staten Island, NY, 10301",40.6404888,-74.075896,71.53340575774035,9591.381359773417
1540 Broadway,"New York, NY, 10036"," 131,313 ","New York, ",10036, 0 ,1990,"1540 Broadway New York, NY, 10036",40.75803195,-73.98483199122256,104.8456755228943,730.3790675892735
1001 6th Ave,"New York, NY, 10018","5,312 ","New York, ",10018, 0 ,1926,"1001 6th Ave New York, NY, 10018",40.751959,-73.9864256,123.03506097560975,215.9271997426379
360 Myrtle Ave,"Brooklyn, NY, 11205"," 4,000 ","Brooklyn, ",11205, 0 ,1905,"360 Myrtle Ave Brooklyn, NY, 11205",40.6930882,-73.9720057,78.3301282051282,984.87279881416
441 Ninth Ave,"New York, NY, 10001"," 13,429 ","New York, ",10001, 0 ,2019,"441 Ninth Ave New York, NY, 10001",42.712429,-73.71360351020408,115.71375233354075,205506.43717098652
500 Eighth Ave,"New York, NY, 10018"," 89,558 ","New York, ",10018, 0 ,1922,"500 Eighth Ave New York, NY, 10018",42.712825,-73.712203,123.03506097560975,205555.7813027135
242 W 53rd St,"New York, NY, 10019"," 10,300 ","New York, ",10019, 0 ,2018,"242 W 53rd St New York, NY, 10019",40.76351445,-73.98390711845306,119.98522167487685,1136.8833077220127
25 Central Park W,"New York, NY, 10023"," 5,250 ","New York, ",10023, 0 ,1931,"25 Central Park W New York, NY, 10023",40.7704241,-73.98123314817387,139.6698766175143,529.5449923666199
225 E 134th St,"Bronx, NY, 10451"," 11,000 ","Bronx, ",10451, 0 ,1960,"225 E 134th St Bronx, NY, 10451",40.8092982,-73.9305335,42.51348088531187,4914.036056232771
601 Madison Ave,"New York, NY, 10022"," 23,529 ","New York, ",10022, 0 ,1930,"601 Madison Ave New York, NY, 10022",40.762519850000004,-73.97181703733835,142.5141065830721,1013.9461944257109
105 Wooster St,"New York, NY, 10012"," 8,750 ","New York, ",10012, 0 ,1892,"105 Wooster St New York, NY, 10012",40.7248411,-74.0006739,124.96935201401051,130.34085339535739
2375 Richmond Ave,"Staten Island, NY, 10314"," 16,950 ","Staten Island, ",10314, 0 ,1976,"2375 Richmond Ave Staten Island, NY, 10314",40.59051,-74.1650734,78.61298701298702,18696.645288311323
38 W 34th St,"New York, NY, 10001"," 5,750 ","New York, ",10001, 0 ,1930,"38 W 34th St New York, NY, 10001",40.7492164,-73.9868101,115.71375233354075,166.8556816114543
985 Richmond Ave,"Staten Island, NY, 10314","7,200 ","Staten Island, ",10314, 0 ,1992,"985 Richmond Ave Staten Island, NY, 10314",40.6232018,-74.1485547,78.61298701298702,15189.558099161985
731 Lexington Ave,"New York, NY, 10022"," 109,115 ","New York, ",10022, 0 ,2004,"731 Lexington Ave New York, NY, 10022",40.7618743,-73.9682563,142.5141065830721,1134.2429082714286
257 Gold St,"Brooklyn, NY, 11201","4,500 ","Brooklyn, ",11201, 0 ,2010,"257 Gold St Brooklyn, NY, 11201",40.6971741,-73.9829688,133.02087503574492,1347.4670262793454
230 W 126th St,"New York, NY, 10027"," 21,700 ","New York, ",10027, 0 ,2021,"230 W 126th St New York, NY, 10027",40.80979293939394,-73.94842142424243,66.99653045489592,4267.765916419707
1106 Pacific St,"Brooklyn, NY, 11238"," 20,500 ","Brooklyn, ",11238, 0 ,1935,"1106 Pacific St Brooklyn, NY, 11238",40.678193885714286,-73.95488957142857,100.10738255033557,2136.986304805563
910 Grand St,"Brooklyn, NY, 11211"," 19,800 ","Brooklyn, ",11211, 0 ,1950,"910 Grand St Brooklyn, NY, 11211",40.71236585,-73.93766723947627,88.97674418604652,1913.0569018889116
50 Avenue A,"New York, NY, 10009"," 4,400 ","New York, ",10009, 0 ,1920,"50 Avenue A New York, NY, 10009",40.7555913,-73.9621887,83.04491017964072,1302.1722912024036
410 Broadway,"New York, NY, 10013"," 79,300 ","New York, ",10013, 0 ,1915,"410 Broadway New York, NY, 10013",40.70672355,-73.95376792533114,122.22905027932961,1115.9133746891584
423 Knickerbocker Ave,"Brooklyn, NY, 11237"," 5,000 ","Brooklyn, ",11237, 0 ,1931,"423 Knickerbocker Ave Brooklyn, NY, 11237",40.6996342,-73.919566,51.53839590443686,3843.154529170318
45 Main St,"Brooklyn, NY, 11201"," 37,918 ","Brooklyn, ",11201, 0 ,1906,"45 Main St Brooklyn, NY, 11201",40.70443405,-73.9923845,133.02087503574492,1792.4470991947637
477 Broadway,"New York, NY, 10013"," 32,250 ","New York, ",10013, 0 ,1900,"477 Broadway New York, NY, 10013",40.7214685,-74.0003133,122.22905027932961,408.43333586068644
1154 Clarkson Ave,"Brooklyn, NY, 11212","10,900 ","Brooklyn, ",11212, 0 ,1951,"1154 Clarkson Ave Brooklyn, NY, 11212",40.6607211,-73.920297092149,41.45540032240731,5622.788459061734
2294 Adam Clayton Powell Jr Blvd,"New York, NY, 10030","5,100 ","New York, ",10030,60.00 ,1924,"2294 Adam Clayton Powell Jr Blvd New York, NY, 10030",40.8152634,-73.9441078,51.22160883280757,4961.786817631473
35 4th Ave,"Brooklyn, NY, 11217"," 26,500 ","Brooklyn, ",11217,91.00 ,2023,"35 4th Ave Brooklyn, NY, 11217",40.6834016875,-73.9791020625,114.30954676952749,253.95002471824446
364 Bay St,"Staten Island, NY, 10301"," 9,000 ","Staten Island, ",10301,35.00 ,2014,"364 Bay St Staten Island, NY, 10301",40.633579,-74.07613968439034,71.53340575774035,10095.480379203129
332 Broadway,"Staten Island, NY, 10310"," 7,796 ","Staten Island, ",10310,26.01 ,1931,"332 Broadway Staten Island, NY, 10310",40.633076700000004,-74.1171836422468,71.73327688399661,12486.549368691858
216 Utica Ave,"Brooklyn, NY, 11213"," 6,000 ","Brooklyn, ",11213,40.00 ,1920,"216 Utica Ave Brooklyn, NY, 11213",40.6712914,-73.9310251,52.270289097875306,4294.817777125678
1219 Quentin Rd,"Brooklyn, NY, 11229"," 4,000 ","Brooklyn, ",11229,4.00 ,1928,"1219 Quentin Rd Brooklyn, NY, 11229",40.60823215,-73.96042765456899,67.06064618644068,8721.210666353927
54 Noll St,"Brooklyn, NY, 11206"," 35,040 ","Brooklyn, ",11206,40.00 ,2019,"54 Noll St Brooklyn, NY, 11206",40.7003395,-73.93422555111707,54.42232237539767,2754.5849516752232
755 Amsterdam Ave,"New York, NY, 10025"," 7,000 ","New York, ",10025,115.00 ,1930,"755 Amsterdam Ave New York, NY, 10025",40.79439265,-73.96967599083226,104.62573374031463,2376.7971409876754
1029 Third Ave,"New York, NY, 10065","14,360 ","New York, ",10065,85.00 ,1985,"1029 Third Ave New York, NY, 10065",42.80059385714286,-73.94890328571428,137.905672823219,215317.1978984687
2714 Broadway,"New York, NY, 10025"," 5,250 ","New York, ",10025,39.00 ,1930,"2714 Broadway New York, NY, 10025",40.79954166666667,-73.96821733333333,104.62573374031463,2924.9378571371503
1 Dekalb Ave,"Brooklyn, NY, 11201"," 42,905 ","Brooklyn, ",11201,55.00 ,2016,"1 Dekalb Ave Brooklyn, NY, 11201",40.6903401,-73.9829673,133.02087503574492,662.5011358206235
641 Lexington Ave,"New York, NY, 10022"," 59,701 ","New York, ",10022,125.00 ,1964,"641 Lexington Ave New York, NY, 10022",40.758877,-73.96964409512756,142.5141065830721,825.6281996805416
9 E 40th St,"New York, NY, 10016","7,000 ","New York, ",10016, 0 ,1913,"9 E 40th St New York, NY, 10016",40.752017249999994,-73.9808252,121.98438008460788,390.54829464506946
450 W 14th St,"New York, NY, 10014"," 7,895 ","New York, ",10014, 0 ,2011,"450 W 14th St New York, NY, 10014",40.74185375,-74.00728242187499,141.12771890686003,171.05806069732802
1630 Forest Ave,"Staten Island, NY, 10302","4,360 ","Staten Island, ",10302, 0 ,1958,"1630 Forest Ave Staten Island, NY, 10302",40.6245982,-74.14288873633218,59.95141242937853,14724.809425011666
90 Washington St,"New York, NY, 10006","9,130 ","New York, ",10006, 0 ,1969,"90 Washington St New York, NY, 10006",40.70804825,-74.01487855,143.26271186440678,486.88127336815234
140 Schermerhorn St,"Brooklyn, NY, 11201"," 6,707 ","Brooklyn, ",11201, 0 ,2016,"140 Schermerhorn St Brooklyn, NY, 11201",40.6895445,-73.9879612,133.02087503574492,932.7512129180095
56 Franklin Ave,"Brooklyn, NY, 11205","4,300 ","Brooklyn, ",11205, 0 ,2010,"56 Franklin Ave Brooklyn, NY, 11205",40.6974336,-73.95892835000001,78.3301282051282,2021.6544630106955
42 W 35th St,"New York, NY, 10001","4,143 ","New York, ",10001, 0 ,1903,"42 W 35th St New York, NY, 10001",40.7497095,-73.98609003143156,115.71375233354075,85.04124956374241
121 Lenox Ave,"New York, NY, 10026"," 24,193 ","New York, ",10026, 0 ,1920,"121 Lenox Ave New York, NY, 10026",40.8023839,-73.9497604,70.65720903300522,3455.2179891038973
3200 Atlantic Ave,"Brooklyn, NY, 11208","8,500 ","Brooklyn, ",11208, 0 ,2025,"3200 Atlantic Ave Brooklyn, NY, 11208",40.6765119,-73.9127574,42.13641413019329,5625.784021772826
112 W 125th St,"New York, NY, 10027","10,500 ","New York, ",10027, 0 ,2017,"112 W 125th St New York, NY, 10027",40.8120077,-73.9550848,66.99653045489592,4365.220773432361
301 Park Ave,"New York, NY, 10022"," 33,300 ","New York, ",10022, 0 ,1931,"301 Park Ave New York, NY, 10022",40.756502,-73.97336164306073,142.5141065830721,417.5121658674078
712 Fifth Ave,"New York, NY, 10019"," 61,536 ","New York, ",10019, 0 ,1990,"712 Fifth Ave New York, NY, 10019",40.7622941,-73.97507538397295,119.98522167487685,890.9251898605055
350 W 42nd St,"New York, NY, 10036","4,513 ","New York, ",10036, 0 ,2004,"350 W 42nd St New York, NY, 10036",40.75784715,-73.99223011350482,104.8456755228943,1029.8180915044834
44 W 63rd St,"New York, NY, 10023"," 6,750 ","New York, ",10023, 0 ,1901,"44 W 63rd St New York, NY, 10023",40.77133675,-73.98260008236542,139.6698766175143,414.18294825993183
1043 Second Ave,"New York, NY, 10022"," 4,000 ","New York, ",10022, 0 ,1977,"1043 Second Ave New York, NY, 10022",42.80211414285714,-73.949505,142.5141065830721,215488.23516631592
2210 3rd Ave,"New York, NY, 10035","4,800 ","New York, ",10035, 0 ,1920,"2210 3rd Ave New York, NY, 10035",40.80138709523809,-73.93763057142857,54.232118758434545,3851.2184321448804
215 E 94th St,"New York, NY, 10128"," 19,125 ","New York, ",10128, 0 ,1924,"215 E 94th St New York, NY, 10128",40.78369395,-73.94917614117922,126.91208439897699,1729.2802344480087
1966 1st Ave,"New York, NY, 10029","5,500 ","New York, ",10029, 0 ,1973,"1966 1st Ave New York, NY, 10029",40.7867813,-73.9417567,51.63545933294324,2430.4683065756553
360 Furman St,"Brooklyn, NY, 11201","13,300 ","Brooklyn, ",11201, 0 ,1928,"360 Furman St Brooklyn, NY, 11201",40.6927371,-74.0000345,133.02087503574492,2007.023864471746
531 Blake Ave,"Brooklyn, NY, 11207","5,000 ","Brooklyn, ",11207, 0 ,1973,"531 Blake Ave Brooklyn, NY, 11207",40.6674077,-73.89925339477041,44.80173423951254,6975.406905174028
232 E 59th St,"New York, NY, 10022"," 5,395 ","New York, ",10022, 0 ,1908,"232 E 59th St New York, NY, 10022",40.76074295,-73.96523984133496,142.5141065830721,1249.2595293826228
60 Charlton St,"New York, NY, 10014"," 8,160 ","New York, ",10014, 0 ,1925,"60 Charlton St New York, NY, 10014",40.72710033333333,-74.00581686666666,141.12771890686003,607.7227448349265
211 McGuinness Blvd,"Brooklyn, NY, 11222","6,335 ","Brooklyn, ",11222, 0 ,2019,"211 McGuinness Blvd Brooklyn, NY, 11222",40.729562099999995,-73.95136917579269,96.09931212381771,1707.372431450203
2175 Broadway,"New York, NY, 10024","10,000 ","New York, ",10024, 0 ,1903,"2175 Broadway New York, NY, 10024",40.7824049,-73.9811499,135.7425605536332,824.9931562932125
403 Evergreen Ave,"Brooklyn, NY, 11221"," 11,450 ","Brooklyn, ",11221, 0 ,1931,"403 Evergreen Ave Brooklyn, NY, 11221",40.6926787,-73.92039788190623,56.33072215422277,4199.556610726424
145 E 42nd St,"New York, NY, 10017"," 6,936 ","New York, ",10017, 0 ,1935,"145 E 42nd St New York, NY, 10017",40.751362650000004,-73.97512657866304,133.82326820603907,403.0597932784303
142 E 31st St,"New York, NY, 10016"," 90,000 ","New York, ",10016, 0 ,1920,"142 E 31st St New York, NY, 10016",40.743930750000004,-73.98034604501021,121.98438008460788,813.680210362877
140 Church St,"New York, NY, 10007","4,794 ","New York, ",10007, 0 ,1900,"140 Church St New York, NY, 10007",40.714625,-74.0083944,163.36020151133502,426.1394466218468
651 Union St,"Brooklyn, NY, 11215","8,215 ","Brooklyn, ",11215, 0 ,2017,"651 Union St Brooklyn, NY, 11215",40.67763332142857,-73.98336089285715,119.79633587786259,984.3526276003439
775 Columbus Ave,"New York, NY, 10025","5,041 ","New York, ",10025, 0 ,2010,"775 Columbus Ave New York, NY, 10025",40.7939238,-73.9664969,104.62573374031463,2290.3917663097395
461 W 126th St,"New York, NY, 10027"," 213,769 ","New York, ",10027, 0 ,1980,"461 W 126th St New York, NY, 10027",40.81376015,-73.95506526188043,66.99653045489592,4557.006336536388
366 Fifth Ave,"New York, NY, 10001","14,400 ","New York, ",10001, 0 ,1907,"366 Fifth Ave New York, NY, 10001",41.103509,-72.36598246938775,115.71375233354075,125847.89000276345
575 Fifth Ave,"New York, NY, 10017"," 20,490 ","New York, ",10017, 0 ,1985,"575 Fifth Ave New York, NY, 10017",40.7563975,-73.97836658669951,133.82326820603907,222.63277685061544
50 W 57th St,"New York, NY, 10019"," 9,734 ","New York, ",10019, 0 ,1926,"50 W 57th St New York, NY, 10019",40.763729299999994,-73.97661025644783,119.98522167487685,1028.6389115196228
74 Bogart St,"Brooklyn, NY, 11206"," 16,000 ","Brooklyn, ",11206, 0 ,2022,"74 Bogart St Brooklyn, NY, 11206",40.7064577,-73.9334856,54.42232237539767,2453.117314082897
89 Greenwich St,"New York, NY, 10006"," 5,332 ","New York, ",10006, 0 ,2004,"89 Greenwich St New York, NY, 10006",40.707761530612245,-74.01356734693879,143.26271186440678,458.6658474242465
1619 Broadway,"New York, NY, 10019"," 10,910 ","New York, ",10019, 0 ,1931,"1619 Broadway New York, NY, 10019",40.76114925,-73.98464776846424,119.98522167487685,952.0576933429629
649 Eighth Ave ,"New York, NY, 10018"," 29,905 ","New York, ",10018, 0 ,1950,"649 Eighth Ave  New York, NY, 10018",42.71520424028384,-73.71127781292253,123.03506097560975,205823.38784588248
4473 Amboy Rd,"Staten Island, NY, 10312"," 15,000 ","Staten Island, ",10312, 0 ,2022,"4473 Amboy Rd Staten Island, NY, 10312",40.54418277230503,-74.16286421553426,89.05502471169687,22151.785754361088
143 Fulton St,"New York, NY, 10038"," 8,444 ","New York, ",10038, 0 ,2018,"143 Fulton St New York, NY, 10038",40.71063895,-74.00796990227622,106.70618120237087,308.7633444798257
768 5th Ave,"New York, NY, 10019"," 32,940 ","New York, ",10019, 0 ,1907,"768 5th Ave New York, NY, 10019",40.764459849999994,-73.97449410382455,119.98522167487685,1136.2720595421438
413 W 14th St,"New York, NY, 10014"," 23,215 ","New York, ",10014, 0 ,1929,"413 W 14th St New York, NY, 10014",40.7415171,-74.0062759,141.12771890686003,78.30485957272006
